frame,timestamp_sec,qpos_0,qpos_1,qpos_2,qpos_3,qpos_4,qpos_5,qpos_6,qpos_7,qpos_8,qpos_9,qpos_10,qpos_11,qpos_12,qpos_13,qpos_14,qpos_15,qpos_16,qpos_17,qpos_18,qpos_19,qpos_20,qpos_21,qpos_22,qpos_23,qpos_24,qpos_25,qpos_26,qpos_27,qpos_28,qpos_29,qpos_30,qpos_31,qpos_32,qpos_33,qpos_34,qpos_35,qpos_36,qpos_37,qpos_38,qpos_39,qpos_40,qpos_41,qpos_42,qpos_43,qpos_44,qpos_45,qpos_46,qpos_47,qpos_48,qpos_49,qpos_50,qpos_51,qpos_52,qpos_53,qpos_54,qpos_55,qpos_56,qpos_57,qpos_58,qpos_59,qpos_60,qpos_61,qpos_62,qpos_63,qpos_64,qpos_65,qpos_66,qpos_67,qpos_68,qpos_69,qpos_70,qpos_71,qpos_72,qpos_73,qpos_74,qpos_75,qpos_76,qpos_77,qpos_78,qpos_79,qpos_80
0,0.0,-0.02230668,0.0,0.8436478,0.9776145,0.10853414,-0.018021224,0.17934711,0.9997905,2.4807805e-09,1.8665876e-09,-0.0204676,1.0,0.0,-2.311116e-33,-1.2359905e-17,1.0,0.0,-2.311116e-33,-1.2359905e-17,0.9908383,-0.113997996,-0.0713079,-0.012615034,0.64358866,0.04156763,0.72101486,-0.25338387,0.90232366,0.31624988,-0.0064184256,-0.29284263,-0.90912694,-0.29075158,0.13099723,0.2679392,0.28634277,0.69715995,0.685631,0.72743785,0.661183,0.711231,-0.18906686,-0.6769146,-0.013815042,0.8081177,0.3850444,-0.20646916,0.3950406,0.93347824,0.25113997,0.18792005,0.17387699,0.2947953,0.5676455,0.68492466,0.68491983,0.6858842,0.7953792,-0.5812895,0.091374956,-0.14534432,0.83198965,0.55188215,0.052538704,0.021423858,0.9339979,0.35474074,-0.0416124,0.008674039,0.78924835,-0.56895274,-0.20215654,-0.11185932,0.8447503,0.4392412,0.3057187,-0.00045356853,0.9079343,0.41885626,-0.004135447,0.014057732
1,0.083,-0.022514628,0.0,0.8431599,0.97844696,0.10555071,-0.016836513,0.17668368,0.9996963,7.751721e-09,-8.140024e-10,-0.02464194,1.0,0.0,-2.311116e-33,-1.3010426e-17,1.0,0.0,-2.311116e-33,-1.3010426e-17,0.9910847,-0.11006617,-0.0740968,-0.012090837,0.6454004,0.038694486,0.720832,-0.24972445,0.89798063,0.323082,-0.012012733,-0.29850385,-0.9199346,-0.26726797,0.13008244,0.25566933,0.2863497,0.6901785,0.68171275,0.7158632,0.66795284,0.71144426,-0.18216878,-0.6786814,-0.0072894567,0.8048624,0.38994724,-0.19883992,0.40074983,0.9084766,0.33498448,0.17051527,0.18270242,0.3146303,0.57405543,0.6458304,0.6525682,0.65053236,0.79460156,-0.5824469,0.09356996,-0.14355722,0.8290249,0.557033,0.045122005,0.019898634,0.9371713,0.3467132,-0.03817853,0.006510991,0.7857398,-0.5736328,-0.203585,-0.110052854,0.8402919,0.4488432,0.30404815,-0.00199523,0.90800875,0.4187479,-0.0019155109,0.012906794
2,0.167,-0.02277807,0.0,0.8422659,0.979662,0.096380085,-0.01451777,0.17539236,0.9996026,-5.4163607e-09,-1.8731108e-09,-0.028189084,1.0,0.0,-7.70372e-34,-6.7220535e-18,1.0,0.0,-7.70372e-34,-6.7220535e-18,0.99181557,-0.09885021,-0.07898913,-0.017066725,0.64453864,0.042225707,0.72309613,-0.2447834,0.89237154,0.3329693,-0.025776938,-0.30354574,-0.9275642,-0.24588056,0.12497682,0.25208756,0.30016193,0.6855956,0.6805469,0.7085371,0.67083484,0.7129975,-0.17216426,-0.67967474,-0.0060276543,0.8052114,0.38991845,-0.19163473,0.4035769,0.8973321,0.3489492,0.16264129,0.21581812,0.32082358,0.5643962,0.60798156,0.6170661,0.5731579,0.797324,-0.578183,0.09661111,-0.14368424,0.8271929,0.5605767,0.03470383,0.017359758,0.9388232,0.34281877,-0.03266736,0.0043697823,0.78677136,-0.57236224,-0.20182002,-0.11252128,0.83943635,0.45693654,0.29414955,-0.0056244745,0.9081152,0.41805106,0.00510937,0.023106957
3,0.25,-0.023327539,0.0,0.8415333,0.9796438,0.0977341,-0.013706254,0.17480907,0.999769,1.3144406e-08,1.2717093e-09,-0.021494657,1.0,0.0,-5.77779e-34,-3.2526065e-18,1.0,0.0,-5.77779e-34,-3.2526065e-18,0.9935011,-0.08761232,-0.07256044,-0.0038177283,0.64193934,0.046221673,0.7237358,-0.24896564,0.88787746,0.34017456,-0.0337962,-0.30791673,-0.9306735,-0.23249054,0.12545209,0.2530944,0.3176561,0.689799,0.6820345,0.7033567,0.66582346,0.7118155,-0.17728224,-0.6795933,-0.006534089,0.8060555,0.3867917,-0.20046556,0.40059987,0.87230575,0.3861888,0.19018404,0.23188557,0.32418743,0.563253,0.5862712,0.598991,0.5373847,0.79533476,-0.58084416,0.097312465,-0.14350244,0.8263807,0.5622572,0.027578257,0.014184016,0.93975705,0.34066772,-0.026032412,0.011159081,0.7819802,-0.5792065,-0.20157821,-0.111323535,0.83659977,0.4643518,0.2905428,-0.007941908,0.9088619,0.41588968,0.009015955,0.030406527
4,0.333,-0.02377257,0.0,0.84049445,0.97951764,0.09883019,-0.0143298805,0.17484982,0.9999293,-1.8885922e-09,6.917142e-09,-0.011891497,1.0,0.0,-1.92593e-34,-8.6736174e-19,1.0,0.0,-1.92593e-34,-8.6736174e-19,0.9947866,-0.07768157,-0.06348072,0.018314123,0.63971853,0.05272045,0.7252324,-0.24903542,0.88427305,0.34538427,-0.037734196,-0.31200475,-0.93196255,-0.21612579,0.12882422,0.26103604,0.33404768,0.71365285,0.6983318,0.70772564,0.66110873,0.7120984,-0.1845811,-0.6772816,-0.0116311945,0.8101218,0.37893444,-0.21285503,0.3934515,0.862554,0.391946,0.21100849,0.24052921,0.3319528,0.5730843,0.58434516,0.58610016,0.5239481,0.7938088,-0.5827101,0.09908656,-0.14317241,0.82834804,0.5595603,0.023870861,0.012728493,0.9380701,0.34554693,-0.023254266,0.008998677,0.78025544,-0.5827028,-0.19848934,-0.11072871,0.83745253,0.4668088,0.28400555,-0.010183076,0.9083133,0.4170353,0.013866076,0.029262912
5,0.417,-0.025352167,0.0,0.8396787,0.97825587,0.10429541,-0.014982017,0.17864351,0.9999999,-6.5597074e-09,2.7783353e-09,0.000537075,1.0,0.0,-1.92593e-34,-2.6020852e-18,1.0,0.0,-1.92593e-34,-2.6020852e-18,0.9958508,-0.06378504,-0.03913231,0.051780947,0.6370542,0.06064814,0.72361296,-0.25858846,0.88195896,0.34807855,-0.037667096,-0.3155486,-0.92991614,-0.19954371,0.14513738,0.27271488,0.35565346,0.7466619,0.7190524,0.71833247,0.65742177,0.7113137,-0.19951965,-0.6737203,-0.018045392,0.81455266,0.36661378,-0.23684889,0.3821007,0.84575707,0.41122034,0.24033678,0.24048083,0.336861,0.59441316,0.59229016,0.5919396,0.53640586,0.78974324,-0.5887363,0.09294105,-0.14511068,0.82734025,0.56016845,0.03844005,0.015549761,0.93280494,0.35882834,-0.0288205,0.016929002,0.77444017,-0.5886313,-0.20372437,-0.11068915,0.83347166,0.4663617,0.29625842,-0.007919107,0.90711045,0.41933748,0.00931155,0.03492901
6,0.5,-0.027602376,0.0,0.8391777,0.9769488,0.110602364,-0.014418301,0.18201722,0.99992824,-2.4301796e-09,7.608106e-09,0.011981662,1.0,0.0,-7.70372e-34,-7.806256e-18,1.0,0.0,-7.70372e-34,-7.806256e-18,0.9954515,-0.052027334,-0.016804146,0.07801971,0.63521963,0.066923544,0.72073257,-0.2693729,0.8812659,0.34852618,-0.03414614,-0.3173861,-0.9304075,-0.17597766,0.16478637,0.27607822,0.37539837,0.7771802,0.74455947,0.7345641,0.6632305,0.71172845,-0.2138876,-0.66874444,-0.021806723,0.8212638,0.3469292,-0.26641208,0.36632025,0.8278633,0.43152604,0.2672213,0.2387896,0.3494125,0.6190163,0.6051469,0.6048839,0.56063175,0.78707904,-0.5919212,0.09048408,-0.14815024,0.8331071,0.55136836,0.04122937,0.015019553,0.92785805,0.37121513,-0.027825888,0.022461658,0.76963323,-0.59403676,-0.2058982,-0.11131461,0.8332731,0.4640076,0.30050528,-0.0070323027,0.9059255,0.42151102,0.00854535,0.039425306
7,0.583,-0.029467342,0.0,0.83878183,0.976797,0.10816434,-0.013050412,0.1843851,0.99977356,6.4746666e-09,-3.2726508e-09,0.021280916,1.0,0.0,-7.70372e-34,-4.3368087e-18,1.0,0.0,-7.70372e-34,-4.3368087e-18,0.994325,-0.03260768,-0.00083145,0.10126117,0.6360454,0.07688285,0.7191287,-0.26905236,0.8750076,0.3562571,-0.040397357,-0.3252854,-0.9324563,-0.1603612,0.1609206,0.2809164,0.3770623,0.78977525,0.74597263,0.739049,0.6821635,0.7116565,-0.21997239,-0.6664433,-0.0317882,0.8212293,0.34221163,-0.27634966,0.36346188,0.8266206,0.41323146,0.30725998,0.22700101,0.36265877,0.65595996,0.6438658,0.6442312,0.6072569,0.78627837,-0.59263444,0.089103304,-0.15037076,0.83644986,0.5461907,0.042522848,0.014805418,0.9228251,0.38366985,-0.027294032,0.021126078,0.7696227,-0.59366554,-0.205191,-0.11462467,0.8362498,0.45992845,0.29852507,-0.005903149,0.9012463,0.43137762,0.00984043,0.039643373
8,0.667,-0.032013133,0.0,0.83855844,0.9758425,0.11015956,-0.009050456,0.18845269,0.99962723,-2.8378921e-09,-2.4613833e-09,0.027301075,1.0,0.0,2.311116e-33,1.3660947e-17,1.0,0.0,2.311116e-33,1.3660947e-17,0.993895,-0.015933355,0.012269612,0.108481996,0.63729066,0.08303196,0.715666,-0.27347496,0.8709286,0.3615279,-0.04127038,-0.33026925,-0.9353646,-0.15582764,0.1571677,0.27587873,0.36505172,0.7965424,0.73948705,0.73576224,0.6816255,0.71270454,-0.22793652,-0.6621597,-0.04051854,0.82012707,0.3342285,-0.29242238,0.36079365,0.80785215,0.4294737,0.3468169,0.20650738,0.3653627,0.68382806,0.6760771,0.68196476,0.6479521,0.78399515,-0.5952554,0.08315069,-0.15526943,0.8378545,0.5437414,0.046327762,0.014102723,0.91968393,0.39101472,-0.026078196,0.024675127,0.7668283,-0.594743,-0.21006592,-0.11885873,0.83700985,0.45548043,0.30320564,-0.004298713,0.89882797,0.43581066,0.008310077,0.04591566
9,0.75,-0.034461964,0.0,0.83838433,0.9746608,0.11139698,-0.003529996,0.19394466,0.99952537,-1.419382e-08,1.2569042e-09,0.030806078,1.0,0.0,8.6736174e-19,-4.3368087e-18,1.0,0.0,8.6736174e-19,-4.3368087e-18,0.9935362,-0.009632643,0.016665122,0.11187184,0.6381602,0.08907469,0.71105295,-0.28146204,0.87141675,0.36089987,-0.05087844,-0.32832226,-0.9425769,-0.12150542,0.12592112,0.28448048,0.3618109,0.79168725,0.7356844,0.72902995,0.69761366,0.716367,-0.23423138,-0.65565115,-0.0455584,0.8165964,0.32523763,-0.31026864,0.36211067,0.80722725,0.43186563,0.35048577,0.19757526,0.353964,0.706866,0.7015839,0.7219842,0.66179043,0.77257216,-0.61109483,0.066229686,-0.15908803,0.8306607,0.55234474,0.06816483,0.016480949,0.9123491,0.4073871,-0.030354531,0.027082946,0.75545526,-0.6055863,-0.21762282,-0.12325956,0.8296839,0.46382314,0.3105991,-0.0045711542,0.8944281,0.44374225,0.008551555,0.05493697
10,0.833,-0.03719383,0.0,0.8383144,0.97333074,0.11415562,0.003921188,0.1989481,0.9994792,5.129775e-09,2.1162605e-09,0.032269765,1.0,0.0,-1.3281477e-18,8.053589e-18,1.0,0.0,-1.3281477e-18,8.053589e-18,0.9937575,0.0028437688,0.01953188,0.10980216,0.63941675,0.09283155,0.70652837,-0.28869733,0.8701922,0.36347935,-0.052597016,-0.32845366,-0.9461359,-0.10700962,0.115259714,0.2830035,0.36034653,0.7861517,0.73370475,0.72431,0.71270317,0.7170905,-0.2401586,-0.652299,-0.051099278,0.8090356,0.32098234,-0.32950118,0.3658698,0.84353894,0.40713724,0.27396125,0.21823505,0.34232864,0.6993622,0.7099685,0.7145721,0.66218066,0.76757133,-0.6170018,0.05239717,-0.16552202,0.8292281,0.55302167,0.079236664,0.01641102,0.90742946,0.41774496,-0.03028768,0.033816766,0.74593866,-0.61433583,-0.22264165,-0.12883206,0.8243906,0.4713905,0.31327456,-0.005501055,0.8923178,0.4464303,0.008873393,0.06625919
11,0.917,-0.040709876,0.0,0.8382641,0.97241235,0.1119808,0.016246412,0.20398663,0.9991917,-3.6785421e-09,2.3122502e-09,0.04019916,1.0,0.0,3.469447e-18,1.0842022e-17,1.0,0.0,3.469447e-18,1.0842022e-17,0.9940361,0.005446481,0.012331343,0.108215354,0.6432197,0.10454886,0.69837105,-0.29599968,0.86503696,0.37020388,-0.06829838,-0.33165565,-0.96503437,-0.10048084,0.059036028,0.23479141,0.3525056,0.7456929,0.6999798,0.71571106,0.71246636,0.70762974,-0.24807015,-0.65891284,-0.059625436,0.7996642,0.32381606,-0.34425837,0.37035996,0.88556385,0.37350988,0.16728055,0.21973686,0.3747259,0.600505,0.6613001,0.6377725,0.55261993,0.7636949,-0.62082636,0.031556446,-0.17420949,0.82497483,0.55692315,0.09470337,0.016863499,0.9060716,0.420757,-0.031808246,0.031401616,0.74064,-0.6132906,-0.23705739,-0.1383143,0.8197317,0.47122434,0.32554328,-0.003013632,0.89121807,0.44799072,0.0031065065,0.0708877
12,1.0,-0.044780996,0.0,0.8380998,0.97226727,0.0980653,0.032186467,0.20986561,0.9991331,1.0339662e-09,5.450764e-10,0.04162914,1.0,0.0,-1.540744e-33,-1.0842022e-17,1.0,0.0,-1.540744e-33,-1.0842022e-17,0.995201,0.014189925,-0.009002003,0.09639817,0.6455284,0.11963624,0.6800666,-0.32632765,0.8423188,0.39602193,-0.10921285,-0.34891015,-0.9836841,-0.02905383,0.007526624,0.17738304,0.36683327,0.71419173,0.6731981,0.7117433,0.715976,0.687793,-0.246135,-0.6805243,-0.056965347,0.79440004,0.3164988,-0.37313658,0.3598975,0.8926842,0.38469693,0.13929243,0.18899937,0.41284993,0.5046118,0.6273065,0.5747722,0.47687852,0.761412,-0.6212132,0.0036934037,-0.18528965,0.8143125,0.56637174,0.1248609,0.022975562,0.9018448,0.428469,-0.04268221,0.035615854,0.73780173,-0.6063905,-0.25357214,-0.15375417,0.8118095,0.47613338,0.33802506,-0.0011928006,0.8853274,0.4587147,-0.0026514358,0.07595533
13,1.083,-0.047153156,0.0,0.8374363,0.9728521,0.079765625,0.045890603,0.21234459,0.99854916,-3.8707695e-09,-1.0450806e-09,0.053847577,1.0,0.0,1.540744e-33,1.2576745e-17,1.0,0.0,1.540744e-33,1.2576745e-17,0.99451154,0.039195254,-0.034449585,0.09068516,0.6432742,0.14423929,0.6697803,-0.34174213,0.8416244,0.3969938,-0.1343839,-0.3405955,-0.97907305,-0.037154183,0.014284112,0.19957842,0.33218566,0.68729424,0.6672172,0.6972456,0.6917097,0.6545233,-0.24910592,-0.71103215,-0.06307731,0.789748,0.33199683,-0.37343702,0.35583845,0.91141677,0.33906555,0.19695501,0.12475083,0.44660592,0.47433588,0.586921,0.5378517,0.44607383,0.76282185,-0.6165144,-0.011989597,-0.19459991,0.80813205,0.5707766,0.14224672,0.030042058,0.8984626,0.43307334,-0.052913006,0.049119066,0.73783576,-0.6000234,-0.25946137,-0.1680777,0.8024699,0.48973155,0.34088862,-0.00011410937,0.88354117,0.46035138,-0.007807386,0.08585251
14,1.167,-0.04578247,0.0,0.8361984,0.97278595,0.0742208,0.05543151,0.21238191,0.9978794,2.1350177e-09,1.2778281e-10,0.06509014,1.0,0.0,6.938894e-18,-1.9081958e-17,1.0,0.0,6.938894e-18,-1.9081958e-17,0.99396574,0.035861377,-0.05399907,0.08848812,0.6189279,0.16332406,0.6752229,-0.3665073,0.83723223,0.40560293,-0.18761607,-0.31516448,-0.9782368,0.00775427,-0.0122001115,0.20698747,0.3251659,0.6735921,0.66438425,0.686025,0.67748076,0.60337335,-0.26225024,-0.751216,-0.053291123,0.8108136,0.34664172,-0.3376534,0.3292583,0.91300505,0.32624656,0.22077945,0.106025495,0.47125584,0.475547,0.5647314,0.5246681,0.4487647,0.7617211,-0.6159779,-0.010339212,-0.20061246,0.8052962,0.5752362,0.13931508,0.03453547,0.89849293,0.4324789,-0.059134584,0.046642713,0.73667824,-0.60125166,-0.25485006,-0.1756504,0.79924047,0.50166696,0.33097482,-0.0007503069,0.8854507,0.45820418,-0.008641505,0.07714421
15,1.25,-0.041637417,0.0,0.83373564,0.9735208,0.07009049,0.063824914,0.20801659,0.9969269,-6.4674275e-09,2.3954545e-09,0.07833774,1.0,0.0,-6.938894e-18,1.7347235e-17,1.0,0.0,-6.938894e-18,1.7347235e-17,0.9922134,0.029484302,-0.06549352,0.101753615,0.5941219,0.17838185,0.67511356,-0.3992754,0.83638304,0.406975,-0.23348464,-0.2834072,-0.9766038,0.03620949,-0.01965042,0.21106325,0.31962392,0.68404067,0.67376894,0.6880987,0.6850006,0.5627396,-0.2734771,-0.77918273,-0.037532642,0.83027077,0.34396014,-0.3184383,0.30156088,0.93216836,0.26507467,0.18568504,0.16223033,0.49580833,0.4292925,0.53462154,0.48841283,0.36356506,0.750647,-0.62890786,0.009175587,-0.20228651,0.7875308,0.6064534,0.105462104,0.02978717,0.91121614,0.40695575,-0.049605627,0.04014232,0.72687167,-0.6162485,-0.2453424,-0.17805187,0.7857485,0.5344126,0.31135947,-0.0076005314,0.89559764,0.43984833,-0.0016352114,0.0666008
16,1.333,-0.03525628,0.0,0.8314239,0.9732834,0.06371042,0.07749267,0.20653145,0.9935685,-6.5605374e-09,-4.3009547e-09,0.113232724,1.0,0.0,3.081488e-33,2.6888214e-17,1.0,0.0,3.081488e-33,2.6888214e-17,0.9923739,0.005291209,-0.09488006,0.07851035,0.57133657,0.208377,0.6546401,-0.44899875,0.8676428,0.37257665,-0.22095262,-0.24405438,-0.97357714,0.026167857,0.009074209,0.22667257,0.3057127,0.69962066,0.68786883,0.6922216,0.7070286,0.5191311,-0.30693763,-0.79762626,0.009193213,0.91410005,0.1852568,-0.3120953,0.1808245,0.8785741,0.38286558,0.15856595,0.23744144,0.51850104,0.38336733,0.531219,0.46518692,0.31902665,0.7474632,-0.63036764,0.009211922,-0.20940502,0.7793897,0.6185498,0.09501035,0.030346204,0.9164089,0.3949996,-0.049375977,0.041618463,0.7244005,-0.62294185,-0.22733058,-0.18843596,0.7908777,0.54862857,0.27075166,-0.014584899,0.90281606,0.4261132,0.013763044,0.05622511
17,1.417,-0.02992962,0.0,0.8292611,0.96954083,0.07492677,0.092925705,0.21387233,0.9869182,2.1523159e-09,-1.1919591e-08,0.16122176,1.0,0.0,-3.081488e-33,-1.3877788e-17,1.0,0.0,-3.081488e-33,-1.3877788e-17,0.99285126,-0.032769125,-0.11408962,0.01249324,0.5523099,0.24051169,0.63180554,-0.48778042,0.8839307,0.3508768,-0.20932747,-0.22745125,-0.9670009,0.011258956,0.033839576,0.25226447,0.30630302,0.7092048,0.7030658,0.69697785,0.7310335,0.4794737,-0.36659423,-0.79649717,0.03613743,0.9532912,0.04676758,-0.2854904,0.08685599,0.8069143,0.52560747,0.16487524,0.21317172,0.53715456,0.36284828,0.49519455,0.43507162,0.3023368,0.73641485,-0.6384691,0.0009884356,-0.22371726,0.77456146,0.6243991,0.09614866,0.0305881,0.9169397,0.39334428,-0.049839515,0.044921223,0.70975924,-0.6419862,-0.20804666,-0.20201999,0.7884891,0.56738114,0.23635314,-0.022377567,0.907039,0.4156912,0.026146851,0.06162374
18,1.5,-0.025229976,0.0,0.8278558,0.9622085,0.09311136,0.10525205,0.23325315,0.9799723,7.0209643e-09,1.7314817e-09,0.1991338,1.0,0.0,-4.622232e-33,-2.4286129e-17,1.0,0.0,-4.622232e-33,-2.4286129e-17,0.9874565,-0.06507739,-0.12139997,-0.07717938,0.5283827,0.268533,0.60756224,-0.5287437,0.89556724,0.3339894,-0.20037235,-0.21508448,-0.95882237,0.0076213684,0.052531786,0.27900168,0.31396088,0.71779424,0.7238232,0.7070544,0.75243866,0.44389525,-0.42813507,-0.7859164,0.044640582,0.9674017,-0.0026682108,-0.24837731,0.049351726,0.7648879,0.57335705,0.16603963,0.24215493,0.5342872,0.37721825,0.4745033,0.44878727,0.31325918,0.73603076,-0.6305483,-0.018286452,-0.24562797,0.7808553,0.61190814,0.121046826,0.03436781,0.9185663,0.3882992,-0.06089399,0.041852944,0.6980484,-0.65130585,-0.19899164,-0.22120453,0.79075015,0.5670634,0.22948818,-0.022101115,0.90668887,0.41582873,0.024493122,0.06634658
19,1.583,-0.021735383,0.0,0.82704383,0.957068,0.103499845,0.11906074,0.243173,0.9749979,7.8220825e-09,6.8739094e-09,0.22221419,1.0,0.0,1.3877788e-17,-1.540744e-33,1.0,0.0,1.3877788e-17,-1.540744e-33,0.9798876,-0.07623782,-0.12739217,-0.13333903,0.51627254,0.28731388,0.595013,-0.5448604,0.9077343,0.3228081,-0.1631065,-0.21262579,-0.9554089,-0.026358683,0.09616036,0.27794302,0.32273877,0.7350812,0.7487546,0.72813034,0.7896392,0.426454,-0.46431273,-0.7736501,0.06337296,0.97498345,-0.029693343,-0.21790281,0.032310266,0.7545579,0.582337,0.14441273,0.26583996,0.5399888,0.40158272,0.4666531,0.46220356,0.3251834,0.7323571,-0.62816316,-0.0357855,-0.2603527,0.77930945,0.6109886,0.1346792,0.035088144,0.9235508,0.3756843,-0.06626027,0.039048873,0.68768495,-0.6579068,-0.19725594,-0.23524067,0.7890555,0.5730611,0.21986617,-0.02551787,0.90509284,0.41651765,0.028638035,0.080622114
20,1.667,-0.019910207,0.0,0.8264508,0.95275396,0.10587247,0.13432969,0.25101078,0.970955,7.3568174e-09,8.8732577e-10,0.23926215,1.0,0.0,-1.540744e-33,-6.938894e-18,1.0,0.0,-1.540744e-33,-6.938894e-18,0.9721972,-0.077071674,-0.13433133,-0.17563508,0.504274,0.30757168,0.5843375,-0.5564684,0.91327304,0.3176342,-0.15240727,-0.20448214,-0.95259666,-0.0513711,0.12045943,0.27460912,0.31760907,0.7487465,0.761404,0.7434862,0.8167055,0.4126824,-0.48947155,-0.7656226,0.06271198,0.9777454,-0.046963234,-0.20341364,0.02076608,0.74674284,0.57857823,0.15274929,0.29032734,0.5466153,0.4256872,0.46806082,0.47008303,0.3418154,0.7348458,-0.61778665,-0.05321346,-0.2747902,0.7869974,0.59861803,0.14478159,0.036467,0.92498595,0.37082723,-0.0709819,0.043007992,0.67962325,-0.6592486,-0.20320807,-0.24941935,0.78889316,0.5736734,0.21885057,-0.02551201,0.9032248,0.41869816,0.028860431,0.08968752
21,1.75,-0.01853446,0.0,0.8260678,0.9479701,0.11160591,0.14369988,0.26124164,0.9686305,-7.710468e-10,1.9451459e-08,0.24850538,1.0,0.0,-1.3877788e-17,-1.3877788e-17,1.0,0.0,-1.3877788e-17,-1.3877788e-17,0.9667382,-0.07699312,-0.13589358,-0.20253931,0.5140059,0.32116783,0.59064716,-0.5327149,0.90954596,0.32667723,-0.14298455,-0.2134561,-0.9436334,-0.08015023,0.15036517,0.28376463,0.3065278,0.76453096,0.7681439,0.75971496,0.8302031,0.40140036,-0.509905,-0.7583705,0.061227795,0.9789439,-0.051114466,-0.19689895,0.016939519,0.7454785,0.57387245,0.16663508,0.29523712,0.5541299,0.43287066,0.47334424,0.47115436,0.35318917,0.7360602,-0.6094798,-0.06200329,-0.28793296,0.78817844,0.59597623,0.14944275,0.03541129,0.9285571,0.36064243,-0.07236518,0.049819577,0.67176545,-0.6608217,-0.21013191,-0.26055795,0.78278774,0.5779067,0.22950345,-0.024398977,0.90375364,0.41601458,0.023671435,0.09798419
22,1.833,-0.019230505,0.0,0.8258355,0.9422486,0.124105625,0.15297185,0.27085972,0.9677403,8.899181e-09,3.0236462e-09,0.25194988,1.0,0.0,-1.3877788e-17,-1.0408341e-17,1.0,0.0,-1.3877788e-17,-1.0408341e-17,0.9647355,-0.085193306,-0.13243973,-0.21091993,0.52212197,0.32394466,0.59063816,-0.5230632,0.9069328,0.32967117,-0.1500178,-0.2151385,-0.93439347,-0.100262105,0.15906662,0.30257913,0.30385062,0.7757001,0.770999,0.7753697,0.8460499,0.39126235,-0.5275627,-0.75108266,0.06682962,0.9773368,-0.0754052,-0.1977717,0.003625059,0.7220741,0.5937012,0.17823091,0.30718336,0.5718362,0.45637372,0.4779342,0.47280982,0.37884998,0.7333011,-0.60599124,-0.0726688,-0.29960534,0.79935396,0.5795669,0.1546375,0.034966964,0.9271232,0.36106107,-0.07203301,0.06991978,0.65995365,-0.6659613,-0.22074474,-0.26875344,0.7813215,0.5739475,0.24428718,-0.021088347,0.90493685,0.4123183,0.01658153,0.10396158
23,1.917,-0.019921249,0.0,0.8258999,0.9383584,0.13059898,0.15984252,0.27726835,0.9676755,-1.0029115e-09,1.625263e-08,0.25219852,1.0,0.0,-1.3877788e-17,6.938894e-18,1.0,0.0,-1.3877788e-17,6.938894e-18,0.96469283,-0.08815413,-0.13221653,-0.21003672,0.5277629,0.32663935,0.592566,-0.5134575,0.90514994,0.3324297,-0.15383588,-0.21570493,-0.92711085,-0.10308042,0.16219336,0.32176572,0.30238494,0.78773284,0.77248627,0.7853986,0.8484886,0.38377953,-0.5368518,-0.748427,0.06603382,0.9755999,-0.08357894,-0.20302415,-0.00077576825,0.7086307,0.6027328,0.18456258,0.31700537,0.56331944,0.48716396,0.49342498,0.47893003,0.41288224,0.7339181,-0.5999331,-0.0829736,-0.30750597,0.80105394,0.57461303,0.16386177,0.03580198,0.9269466,0.3561446,-0.0750876,0.09106517,0.65320826,-0.6672371,-0.22941443,-0.27474102,0.7782472,0.5731717,0.25579596,-0.019337004,0.9073142,0.40615007,0.011151875,0.10816068
24,2.0,-0.02080591,0.0,0.8259982,0.9357988,0.13412437,0.16587965,0.2806692,0.9672882,-2.9075991e-08,-4.039293e-09,0.25368,1.0,0.0,1.3877788e-17,-3.469447e-18,1.0,0.0,1.3877788e-17,-3.469447e-18,0.96475035,-0.088022664,-0.12681921,-0.21313289,0.5279772,0.32959208,0.59090257,-0.5132672,0.9015309,0.33896515,-0.1579117,-0.2177349,-0.9280902,-0.101654015,0.16198324,0.31949404,0.29758126,0.79147625,0.77072877,0.7862442,0.84686583,0.37679172,-0.5436071,-0.7470037,0.06711791,0.97576153,-0.0866373,-0.2009311,-0.00317938,0.7138365,0.5889673,0.17774226,0.33460817,0.56520075,0.5214939,0.50928795,0.4886115,0.4328112,0.7308867,-0.59999424,-0.08945576,-0.31274462,0.7997373,0.57606673,0.16546683,0.03446917,0.9279006,0.34988314,-0.07238298,0.10650349,0.6487323,-0.6668608,-0.23836268,-0.278615,0.778004,0.5698837,0.2638297,-0.018336184,0.90863395,0.40298796,0.008263779,0.10916407
25,2.083,-0.021285018,0.0,0.8261413,0.9341711,0.1355541,0.17060645,0.2825648,0.9673162,-9.343246e-09,-6.2832086e-09,0.25357315,1.0,0.0,1.540744e-33,6.938894e-18,1.0,0.0,1.540744e-33,6.938894e-18,0.9654201,-0.09225744,-0.12763342,-0.20775534,0.53941995,0.33047307,0.59688514,-0.49349952,0.9041931,0.33626482,-0.14811957,-0.21776463,-0.92003715,-0.12749371,0.16293043,0.33276224,0.29595935,0.79617643,0.76652753,0.7812404,0.8367362,0.3733884,-0.5466842,-0.7463625,0.06826739,0.97535187,-0.088686444,-0.20200807,-0.004021763,0.70352083,0.5962255,0.17699084,0.3438718,0.55471385,0.5401996,0.51815057,0.49173123,0.44946355,0.72682536,-0.6023266,-0.09505885,-0.31605604,0.79882723,0.57592875,0.17012285,0.03520465,0.92807037,0.34776142,-0.07373309,0.11095411,0.6459092,-0.66648895,-0.24328624,-0.28179,0.7779869,0.5685131,0.26684484,-0.017973745,0.9092914,0.40157905,0.007124512,0.108961724
26,2.167,-0.02156398,0.0,0.826249,0.93267226,0.13754982,0.17307167,0.28504154,0.96658146,-4.059846e-09,-9.717903e-09,0.25635958,1.0,0.0,-1.3877788e-17,-1.3877788e-17,1.0,0.0,-1.3877788e-17,-1.3877788e-17,0.9636877,-0.0986582,-0.12775272,-0.21272478,0.5457399,0.3323088,0.59926045,-0.48231295,0.90871394,0.33106577,-0.13322714,-0.21652938,-0.91128176,-0.15094891,0.17071389,0.34298214,0.29276723,0.80042344,0.765603,0.77826875,0.82328105,0.36727464,-0.5525616,-0.7448481,0.07061436,0.97560203,-0.09202861,-0.1992371,-0.0059987046,0.69270647,0.6057849,0.17220552,0.35146505,0.54153526,0.55157757,0.5230128,0.49440235,0.45675227,0.7224171,-0.60581756,-0.09694307,-0.3189054,0.79797477,0.5770494,0.17049453,0.034379806,0.92947924,0.34242952,-0.07164285,0.116951406,0.6435993,-0.66681576,-0.24569957,-0.2841979,0.7768337,0.56862223,0.26997125,-0.01771025,0.9082104,0.40384227,0.0056229765,0.109698065
27,2.25,-0.021493027,0.0,0.82670444,0.9316468,0.13894254,0.1742949,0.28696778,0.96653837,-3.7546113e-09,1.16030145e-08,0.25652218,1.0,0.0,3.081488e-33,1.7347235e-17,1.0,0.0,3.081488e-33,1.7347235e-17,0.9624301,-0.101937324,-0.12876649,-0.2162319,0.55087847,0.33222365,0.6009603,-0.4743491,0.9062966,0.33569553,-0.13093741,-0.22088534,-0.90839225,-0.15894668,0.17695512,0.34386972,0.28574553,0.80321604,0.76206875,0.7786109,0.8153541,0.36504877,-0.55498403,-0.74421996,0.06977645,0.97437453,-0.098899566,-0.20179951,-0.009489342,0.6843259,0.60759676,0.17137942,0.36490193,0.5211556,0.5700258,0.53354716,0.5015655,0.46128955,0.71846914,-0.6091599,-0.10094531,-0.32021293,0.79679334,0.5764659,0.17760804,0.03553578,0.92862916,0.34422895,-0.07437698,0.11671506,0.64451706,-0.66493446,-0.24603243,-0.2862307,0.7787087,0.5661082,0.26987156,-0.017424092,0.9077334,0.4052467,0.0048147473,0.10849904
28,2.333,-0.022254016,0.0,0.8270871,0.93030196,0.13624728,0.17716253,0.2908408,0.9651384,6.503772e-09,6.725453e-09,0.2617401,1.0,0.0,1.3877788e-17,6.938894e-18,1.0,0.0,1.3877788e-17,6.938894e-18,0.95826703,-0.10534162,-0.13506274,-0.22887881,0.5627467,0.33965853,0.6086945,-0.44434136,0.9091294,0.33028144,-0.13031164,-0.21775408,-0.8906848,-0.1899435,0.18355788,0.37001163,0.28127074,0.8106571,0.7650743,0.78104,0.8155706,0.3547248,-0.5616645,-0.7452408,0.057614256,0.97309923,-0.1102493,-0.20152448,-0.017630309,0.67397875,0.6061263,0.16274957,0.38971284,0.5043732,0.5857338,0.5542286,0.52604395,0.45420486,0.71622324,-0.60895735,-0.103842385,-0.32467213,0.7941969,0.57856756,0.18223926,0.03605197,0.9269894,0.34829676,-0.075611345,0.116888724,0.64497,-0.6612875,-0.24892922,-0.29111305,0.77726877,0.56631035,0.27356824,-0.017501142,0.90663886,0.40754828,0.003353951,0.10908325
29,2.417,-0.022512434,0.0,0.82742447,0.928354,0.13268337,0.17755608,0.2983752,0.9650277,3.0036509e-09,-1.240802e-08,0.26214796,1.0,0.0,1.3877788e-17,2.7755576e-17,1.0,0.0,1.3877788e-17,2.7755576e-17,0.9511417,-0.101802416,-0.14535037,-0.25266367,0.5739349,0.3438427,0.6078361,-0.42767534,0.9061545,0.33417788,-0.129898,-0.22435597,-0.8843903,-0.19599293,0.1860416,0.3805642,0.27836463,0.8176608,0.77409,0.78456247,0.81992453,0.34631068,-0.56618434,-0.74683934,0.04165595,0.9709977,-0.1242155,-0.20242818,-0.027509958,0.66060793,0.6090183,0.14333051,0.4149099,0.50216395,0.5874094,0.56734157,0.55668736,0.45806062,0.70780295,-0.6149253,-0.11227737,-0.32905254,0.78521943,0.5836351,0.2032807,0.03843765,0.9252874,0.35162514,-0.08207146,0.11604821,0.6416187,-0.6639133,-0.24152976,-0.29867697,0.7690697,0.5758982,0.27680078,-0.015949884,0.90752083,0.4046858,-0.000908977,0.11240336
30,2.5,-0.022350438,0.0,0.8274478,0.9293526,0.13327369,0.17247081,0.2979861,0.9683291,7.2903834e-09,2.0044002e-08,0.24967737,1.0,0.0,-3.081488e-33,-2.4286129e-17,1.0,0.0,-3.081488e-33,-2.4286129e-17,0.9528063,-0.09295558,-0.1426665,-0.2513278,0.5715756,0.3354289,0.60889,-0.43593788,0.88918555,0.35298905,-0.16780709,-0.2378836,-0.90491956,-0.14449237,0.1601992,0.36684972,0.28178677,0.81566644,0.7789638,0.78697145,0.8251807,0.3574418,-0.5535774,-0.7515214,0.031669773,0.9637646,-0.124197,-0.23469676,-0.025501054,0.6508999,0.6219481,0.13776655,0.4129531,0.49446747,0.58627534,0.5763848,0.5705332,0.4654377,0.70071584,-0.62494135,-0.11600893,-0.3240178,0.77002305,0.59527487,0.22537713,0.043789092,0.9279847,0.3423625,-0.09466928,0.11256115,0.6409502,-0.6685886,-0.23342453,-0.2961168,0.7624359,0.5832309,0.2799474,-0.012752576,0.90983355,0.39953262,-0.007227903,0.111912504
31,2.583,-0.020449635,0.0,0.82774943,0.9314247,0.14927228,0.15930788,0.29118174,0.97321016,4.0893218e-09,4.9217235e-09,0.22991726,1.0,0.0,1.3877788e-17,-6.938894e-18,1.0,0.0,1.3877788e-17,-6.938894e-18,0.9612544,-0.10114731,-0.12510316,-0.2238489,0.5625855,0.3116007,0.62365454,-0.44436204,0.8752576,0.3679747,-0.19543724,-0.24560751,-0.9186023,-0.10135711,0.14386424,0.35383564,0.27658337,0.81818336,0.7790622,0.7861383,0.8220144,0.37114877,-0.53517723,-0.75781953,0.039287433,0.9595432,-0.0953516,-0.2647777,-0.0088092955,0.64332604,0.63228184,0.13706616,0.409346,0.5078342,0.55826527,0.5557002,0.5533981,0.46855807,0.70678645,-0.62681526,-0.10124076,-0.3119388,0.77657086,0.5891086,0.21853743,0.046153575,0.92891514,0.34019604,-0.10013343,0.10656726,0.6400297,-0.67907,-0.22528866,-0.28012657,0.7639973,0.5818972,0.2784943,-0.012026783,0.91064787,0.39956313,-0.008812016,0.10484329
32,2.667,-0.018639883,0.0,0.8277824,0.93549657,0.14665538,0.15118548,0.28369224,0.9782368,1.0262501e-08,4.512678e-09,0.20749168,1.0,0.0,1.3877788e-17,1.3877788e-17,1.0,0.0,1.3877788e-17,1.3877788e-17,0.96963924,-0.09658678,-0.12231136,-0.18844283,0.54892474,0.29839298,0.63055354,-0.46048397,0.8562961,0.38691884,-0.23828179,-0.24550475,-0.93626696,-0.033779453,0.11752655,0.32931843,0.27631193,0.8194518,0.77865726,0.7850448,0.8213522,0.38276938,-0.507997,-0.7706406,0.03923945,0.9509591,-0.020486284,-0.30631015,0.037831683,0.6617231,0.634875,0.1559795,0.36705133,0.4968094,0.45859033,0.50612795,0.5122879,0.4615753,0.71532255,-0.6228914,-0.09138752,-0.3032626,0.78073096,0.58484334,0.21439105,0.04953765,0.9290178,0.33945563,-0.104943946,0.10335682,0.64766073,-0.6766302,-0.22202131,-0.27094954,0.7683926,0.57813764,0.27418864,-0.012258249,0.9129025,0.39664343,-0.007083172,0.09608769
33,2.75,-0.016993316,0.0,0.82775337,0.9399962,0.13902126,0.14440413,0.27609363,0.9825016,2.9260566e-08,3.7179715e-09,0.18625408,1.0,0.0,-1.3877788e-17,-2.4286129e-17,1.0,0.0,-1.3877788e-17,-2.4286129e-17,0.9751192,-0.086669914,-0.12934895,-0.15779652,0.5470919,0.28717092,0.644451,-0.45045114,0.83729947,0.39873943,-0.2854451,-0.24178001,-0.94135356,0.0024206873,0.09131266,0.32482243,0.2822817,0.8178797,0.7764639,0.780048,0.80945504,0.37889695,-0.4761953,-0.79349005,-0.0069761537,0.92370737,-0.005617353,-0.38136262,0.03599629,0.6087425,0.6991152,0.17035607,0.3341397,0.48314616,0.42406815,0.46646723,0.478199,0.45646778,0.7200103,-0.622876,-0.07982778,-0.29536116,0.78264016,0.5853934,0.20525512,0.051567502,0.92968786,0.3403343,-0.10546652,0.09343365,0.6621536,-0.66510195,-0.22282584,-0.26370567,0.77565914,0.5699261,0.27087027,-0.012902766,0.91432047,0.3955735,-0.00556607,0.08665272
34,2.833,-0.015095451,0.0,0.827991,0.9480821,0.124684885,0.13480562,0.25965637,0.9880602,-1.8054922e-09,-1.3127517e-08,0.1540686,1.0,0.0,1.540744e-33,6.938894e-18,1.0,0.0,1.540744e-33,6.938894e-18,0.9819849,-0.06535436,-0.14218755,-0.10591125,0.54407734,0.26769727,0.6691605,-0.4295838,0.8271702,0.42594865,-0.27085567,-0.24697037,-0.95267403,0.015566027,0.111642085,0.28232244,0.27553207,0.81884855,0.7806714,0.7750431,0.8041288,0.4128629,-0.42825145,-0.8037859,0.008550585,0.88407075,0.09637081,-0.4426056,0.11502969,0.6915163,0.63758093,0.2277915,0.25180712,0.4729013,0.41973278,0.44108146,0.45584217,0.45356053,0.7306744,-0.6198142,-0.05365535,-0.28118736,0.7838977,0.5964474,0.16603929,0.046752937,0.9318068,0.34338176,-0.09085624,0.07463353,0.6845962,-0.6449515,-0.23123655,-0.24878767,0.7876224,0.5564487,0.2640077,-0.017768677,0.91310203,0.40202186,0.00338104,0.067909054
35,2.917,-0.013394232,0.0,0.82859635,0.95359206,0.08086896,0.13405702,0.25719866,0.9924742,-5.067361e-09,-8.512956e-09,0.12245379,1.0,0.0,-1.3877788e-17,2.0816682e-17,1.0,0.0,-1.3877788e-17,2.0816682e-17,0.9821978,-0.01253558,-0.17159982,-0.075390644,0.56532955,0.26873532,0.6834808,-0.37555003,0.81719464,0.43769482,-0.2751985,-0.25471938,-0.9565791,0.024708204,0.110316835,0.26865628,0.2700092,0.8158966,0.7861777,0.77016485,0.8029892,0.4528997,-0.37711316,-0.8078588,0.0056277914,0.2707552,-0.77816266,-0.32993263,-0.46075907,-0.4417103,0.8547042,-0.07888572,0.26105502,0.46641588,0.42288843,0.42633343,0.4426357,0.45202377,0.74275565,-0.6056074,-0.04929546,-0.28128928,0.7810597,0.60035414,0.16466242,0.049060713,0.92359334,0.3675077,-0.08981881,0.062016223,0.70607245,-0.616481,-0.23511429,-0.25716558,0.7895084,0.55484754,0.2615868,-0.019826394,0.90732986,0.41549075,0.009714602,0.06344755
36,3.0,-0.012997788,0.0,0.8293847,0.9569707,0.06353749,0.12507416,0.2540208,0.994857,-2.278795e-09,-1.46718895e-08,0.10128941,1.0,0.0,-1.3877788e-17,1.7347235e-17,1.0,0.0,-1.3877788e-17,1.7347235e-17,0.9843373,0.009145306,-0.16764349,-0.05377875,0.5814838,0.25588533,0.68156284,-0.363141,0.8424752,0.4033341,-0.26112428,-0.24366228,-0.95247823,0.0008826814,0.10133423,0.28725556,0.2771495,0.80688924,0.7858652,0.7606383,0.79837507,0.47532323,-0.34518743,-0.809243,0.0062585697,0.461344,-0.62438893,-0.5375259,-0.32919,-0.09419874,0.93810666,0.058683176,0.32808352,0.48405388,0.46458772,0.51464975,0.5442573,0.50047714,0.749806,-0.6001013,-0.050237697,-0.274127,0.7790769,0.5994373,0.17617182,0.0517466,0.91863155,0.3798507,-0.09376793,0.05510974,0.7197565,-0.6017786,-0.23504566,-0.2540996,0.79139936,0.5506423,0.26470724,-0.020252608,0.90429175,0.42211035,0.010875851,0.06293645
37,3.083,-0.013154662,0.0,0.8306393,0.96080256,0.05469126,0.11645481,0.24557196,0.9975225,4.2296378e-10,1.2354867e-09,0.070348404,1.0,0.0,1.540744e-33,2.4286129e-17,1.0,0.0,1.540744e-33,2.4286129e-17,0.9857331,0.01462175,-0.16377537,-0.03597311,0.60373014,0.22543652,0.6633493,-0.38033676,0.8938624,0.34772974,-0.15992317,-0.233492,-0.9483507,-0.051252957,0.15372883,0.27271125,0.28896368,0.8047094,0.79627883,0.76321054,0.8115135,0.51858467,-0.30496103,-0.7974329,0.04657762,0.39021716,-0.6180712,-0.60855174,-0.30884197,-0.06673894,0.93812925,0.09864913,0.32515803,0.505231,0.5616921,0.6187099,0.65260273,0.55692905,0.7570841,-0.5961069,-0.047928873,-0.26302683,0.78595454,0.590923,0.17441775,0.05161297,0.9149808,0.38953486,-0.09168331,0.051641084,0.73373455,-0.58901453,-0.2331264,-0.24565737,0.80056196,0.539321,0.26049605,-0.019372072,0.90299374,0.42397684,0.013288937,0.06833226
38,3.167,-0.013034094,0.0,0.83175933,0.96445477,0.038631853,0.107417785,0.23831922,0.9992944,7.027528e-09,6.403148e-09,0.037558574,1.0,0.0,-4.622232e-33,-2.2551405e-17,1.0,0.0,-4.622232e-33,-2.2551405e-17,0.9868795,0.021060737,-0.1599958,-0.0051570656,0.6210659,0.20322908,0.6623061,-0.36650482,0.91812396,0.30998218,-0.10249292,-0.22462109,-0.9422546,-0.092833295,0.17632718,0.26915973,0.30007082,0.79688776,0.80000067,0.76280385,0.8188122,0.5732314,-0.25874817,-0.7700709,0.10698574,0.2158662,-0.6581063,-0.64835817,-0.31611627,-0.13722672,0.94386226,0.10586206,0.28122252,0.5206365,0.6413077,0.6991536,0.7305628,0.6009979,0.769321,-0.5851778,-0.035694294,-0.2538466,0.80331,0.5706903,0.16212317,0.052171115,0.90468526,0.41380483,-0.08771923,0.051141415,0.75127625,-0.5694206,-0.2320692,-0.23976676,0.81338245,0.52089995,0.25846165,-0.016426384,0.8967724,0.43869352,0.013876649,0.05616673
39,3.25,-0.012320936,0.0,0.83257455,0.96795136,0.018211264,0.10059525,0.22938858,0.9999909,-1.8798805e-09,2.2616933e-09,0.00426444,1.0,0.0,1.540744e-33,8.890458e-18,1.0,0.0,1.540744e-33,8.890458e-18,0.98733765,0.033058494,-0.15371223,0.02107148,0.63185287,0.18527332,0.6704158,-0.342021,0.9315868,0.28508413,-0.06509382,-0.2159534,-0.9375235,-0.101237796,0.19957484,0.2664029,0.31483853,0.7908294,0.80310196,0.76720005,0.828621,0.6135736,-0.20859596,-0.74319965,0.16634135,0.084940016,-0.66865134,-0.67461485,-0.30097407,-0.17039925,0.9472828,0.122252725,0.2422264,0.5301149,0.692836,0.7511621,0.77872056,0.62989426,0.78988975,-0.5618579,-0.014643264,-0.245307,0.83130217,0.5387949,0.12831023,0.046617705,0.8955221,0.43513784,-0.07556421,0.054637536,0.76680595,-0.5514211,-0.2299096,-0.23470181,0.82867986,0.49886817,0.25357458,-0.010960888,0.8893397,0.45540762,0.01539121,0.037972953
40,3.333,-0.011658656,0.0,0.8331032,0.9714308,0.0036200932,0.09162496,0.21889277,0.9999286,2.9128117e-10,3.5919903e-09,-0.011948776,1.0,0.0,-1.155558e-33,-5.475221e-18,1.0,0.0,-1.155558e-33,-5.475221e-18,0.98876244,0.04728626,-0.1371767,0.035992067,0.64034957,0.1724215,0.6749682,-0.32348296,0.93926066,0.26646754,-0.034054138,-0.21359968,-0.93337023,-0.13722952,0.20959051,0.25702128,0.317418,0.78060627,0.79738986,0.76462376,0.8318561,0.64322644,-0.1733692,-0.7186075,0.19951482,-0.0032105278,-0.6636537,-0.6893248,-0.29049078,-0.19332865,0.94852287,0.1345765,0.21170157,0.5354994,0.7229648,0.78177255,0.8062359,0.64711386,0.8007191,-0.55206645,-0.0050465805,-0.23247813,0.83323693,0.5387336,0.11635469,0.0440904,0.8963096,0.4340792,-0.07118048,0.056015287,0.77804023,-0.5416231,-0.22454017,-0.22556493,0.83156675,0.49403504,0.25374687,-0.0062149633,0.8876467,0.4592637,0.011562225,0.03203896
41,3.417,-0.0117403045,0.0,0.83359116,0.97415626,-0.009913028,0.08302908,0.20982727,0.9998808,-3.8649084e-11,-1.7771085e-09,-0.015438915,1.0,0.0,-1.540744e-33,-7.806256e-18,1.0,0.0,-1.540744e-33,-7.806256e-18,0.98876446,0.056680314,-0.1254659,0.058227796,0.6303429,0.17110893,0.6854596,-0.32176802,0.9474514,0.24986933,-0.043540273,-0.1949497,-0.93204814,-0.14648423,0.2037281,0.26138756,0.31411672,0.7735287,0.7930966,0.761353,0.82634306,0.64981014,-0.1529097,-0.7120885,0.21747485,-0.03729605,-0.6561758,-0.70879,-0.25624022,-0.14019373,0.98097575,0.045126032,0.12647489,0.5038066,0.64621055,0.69393533,0.7146174,0.5805362,0.80999106,-0.5432745,0.007934637,-0.22069061,0.8338576,0.54249,0.09500273,0.036886077,0.8992953,0.42974684,-0.059476778,0.05521049,0.78786606,-0.532453,-0.22029676,-0.21732517,0.8334632,0.49267963,0.2501397,-0.005999848,0.8873793,0.46016967,0.013677927,0.024795147
42,3.5,-0.012181977,0.0,0.83411336,0.9766037,-0.018530646,0.07481876,0.20075862,0.9998843,-1.8719009e-09,-1.14781376e-08,-0.01521096,1.0,0.0,5.77779e-34,3.035766e-18,1.0,0.0,5.77779e-34,3.035766e-18,0.9885921,0.06320434,-0.11650462,0.07153746,0.62157536,0.16869645,0.6955745,-0.31837356,0.95219415,0.23966889,-0.06357592,-0.17844665,-0.93193275,-0.14773747,0.18634954,0.2737678,0.31184882,0.7727091,0.7922774,0.75842184,0.81456864,0.6565719,-0.1380937,-0.7048224,0.23036656,-0.06272413,-0.6508608,-0.71917766,-0.23500936,-0.112002105,0.9904548,0.014081199,0.07909829,0.47862738,0.58659065,0.627242,0.6398551,0.5254389,0.82028395,-0.532115,0.016595727,-0.20907532,0.8368724,0.5409459,0.07807439,0.030438984,0.900365,0.42980418,-0.049455855,0.046533775,0.7949687,-0.52427745,-0.22353023,-0.20782717,0.8335749,0.4895092,0.25595316,-0.0046504466,0.88551545,0.46422076,0.012674121,0.014171506
43,3.583,-0.011432946,0.0,0.8349738,0.97920567,-0.017628906,0.062151417,0.19230892,0.9998132,-1.0246328e-09,6.5915664e-09,-0.01932714,1.0,0.0,5.77779e-34,3.2526065e-18,1.0,0.0,5.77779e-34,3.2526065e-18,0.98960775,0.06689514,-0.10311319,0.07462675,0.6184828,0.15591064,0.71221167,-0.29313043,0.9468324,0.25162345,-0.08416896,-0.18196037,-0.9306177,-0.14783621,0.17553656,0.28510007,0.30690315,0.7780565,0.7924123,0.75715053,0.81259215,0.67094415,-0.12403846,-0.6916541,0.23677641,-0.103231095,-0.6411654,-0.7225935,-0.2368734,-0.12117126,0.99146974,-0.023418711,0.041915305,0.45732743,0.5666733,0.6045031,0.5976702,0.5151088,0.835778,-0.5114571,0.03883594,-0.19590442,0.85286677,0.5200217,0.042534012,0.019662855,0.90577716,0.4217605,-0.033372533,0.023918593,0.81134886,-0.5039192,-0.22275913,-0.19533783,0.85112137,0.45462826,0.26246837,0.00399673,0.88076264,0.47352195,0.0057925466,-0.0007605348
44,3.667,-0.01063315,0.0,0.8361852,0.98084545,-0.016580021,0.05657083,0.18565302,0.9997598,-4.770351e-10,-3.507459e-09,-0.021916172,1.0,0.0,-1.155558e-33,-6.2883726e-18,1.0,0.0,-1.155558e-33,-6.2883726e-18,0.9902307,0.06660295,-0.099633075,0.071277656,0.61731184,0.14719412,0.7199961,-0.28083023,0.94475275,0.25630835,-0.088158496,-0.1843266,-0.92841274,-0.14066671,0.17675076,0.29499465,0.31698734,0.78506124,0.7928831,0.7553424,0.814809,0.67760324,-0.11567891,-0.6849555,0.24147089,-0.13212118,-0.6339974,-0.7239076,-0.23780063,-0.15813076,0.98624045,-0.048178136,-0.0018143333,0.44117486,0.5476717,0.5934887,0.57111365,0.49869695,0.843869,-0.50015336,0.04989358,-0.18772955,0.86158884,0.507002,0.020900993,0.01329602,0.90893734,0.416084,-0.02333777,0.012742501,0.8161915,-0.4963557,-0.22912419,-0.18698822,0.8549816,0.44083872,0.2731184,0.008603624,0.8804598,0.47406244,0.0008170145,-0.007393983
45,3.75,-0.009150453,0.0,0.83696836,0.9822905,-0.019241411,0.051000174,0.1792599,0.9996854,1.4105295e-09,1.5278673e-09,-0.025080761,1.0,0.0,-2.311116e-33,-1.01915004e-17,1.0,0.0,-2.311116e-33,-1.01915004e-17,0.98978084,0.07090298,-0.101767845,0.07035557,0.61507577,0.1405856,0.7278371,-0.26864606,0.94331765,0.25991136,-0.0884279,-0.18648975,-0.9308492,-0.11762944,0.16666164,0.30316162,0.32543865,0.79931396,0.8028163,0.7607344,0.8188683,0.68175083,-0.105114356,-0.6814628,0.24448968,-0.14172606,-0.62899107,-0.7268104,-0.23670784,-0.19177572,0.977695,-0.08368551,-0.018203322,0.41816512,0.5369514,0.58401304,0.5503663,0.49875668,0.85044366,-0.49067536,0.06142695,-0.17947137,0.86570394,0.5004741,0.0025118731,0.00872343,0.9096661,0.41503158,-0.01569443,-0.0031605172,0.82268804,-0.48720798,-0.23114541,-0.17995718,0.8558483,0.43554518,0.27877966,0.010292269,0.8837112,0.46790826,-0.0028448629,-0.010405813
46,3.833,-0.007696221,0.0,0.83754486,0.9833434,-0.021933444,0.04618838,0.17441687,0.9996721,-1.7103696e-09,6.6990733e-09,-0.02560639,1.0,0.0,1.540744e-33,9.107298e-18,1.0,0.0,1.540744e-33,9.107298e-18,0.9903264,0.07110058,-0.10002709,0.06475289,0.6169518,0.13676952,0.73130065,-0.2566396,0.94305265,0.2601373,-0.083099395,-0.18993373,-0.9282179,-0.13482155,0.16364722,0.30570292,0.32079703,0.80568093,0.81572825,0.7660049,0.8221528,0.6833492,-0.09803204,-0.67579263,0.2583174,-0.16163035,-0.6280479,-0.7282234,-0.22163525,-0.2006345,0.973819,-0.10434954,-0.023096642,0.39556426,0.5345897,0.57986975,0.5504899,0.4946041,0.85925066,-0.47604108,0.071296446,-0.17317612,0.8719899,0.48926377,-0.015461127,0.003938578,0.9103173,0.41368783,-0.0076950137,-0.011208892,0.8323998,-0.47134238,-0.23308417,-0.17498204,0.8615205,0.42276832,0.28094962,0.010798082,0.886694,0.46220914,-0.004134838,-0.010926454
47,3.917,-0.005876227,0.0,0.8382803,0.98443043,-0.024870649,0.041767895,0.16891901,0.9996999,-7.9393986e-10,-3.54706e-09,-0.02449794,1.0,0.0,1.155558e-33,4.98733e-18,1.0,0.0,1.155558e-33,4.98733e-18,0.99153507,0.06559574,-0.09654541,0.056871377,0.6189899,0.13390419,0.7326835,-0.24919085,0.9446118,0.2561643,-0.07564872,-0.19069782,-0.92512953,-0.13529721,0.16747537,0.31270123,0.31888354,0.8121764,0.8223123,0.7726777,0.8277441,0.68638134,-0.09109713,-0.66540843,0.27895093,-0.1843872,-0.62972885,-0.7264202,-0.20434438,-0.23076804,0.9603672,-0.15399128,-0.026974443,0.3454881,0.5300017,0.5751013,0.55544174,0.51116693,0.8684683,-0.45974728,0.081766956,-0.16646162,0.88099694,0.47189477,-0.034051716,-0.00040639538,0.912186,0.40949142,-0.0005475483,-0.015267117,0.8480465,-0.44509292,-0.23177995,-0.17025712,0.8761585,0.39598686,0.27462357,0.011073292,0.8906195,0.45442936,-0.0021116955,-0.016921656
48,4.0,-0.0038521425,0.0,0.8391129,0.9856746,-0.03011213,0.037937306,0.16155368,0.9996458,-1.0546322e-09,-2.4851707e-09,-0.026611233,1.0,0.0,1.540744e-33,7.806256e-18,1.0,0.0,1.540744e-33,7.806256e-18,0.99254894,0.060887877,-0.09455388,0.0468919,0.62117356,0.12893789,0.73358256,-0.24366997,0.9502545,0.24294218,-0.06181945,-0.18486172,-0.9219212,-0.15553463,0.16392428,0.31464118,0.31524026,0.81395817,0.8228851,0.77335984,0.8254364,0.6939622,-0.0779656,-0.6446389,0.31109235,-0.20101611,-0.63515663,-0.7209533,-0.19077447,-0.24697435,0.94538766,-0.21093032,-0.027463542,0.2520599,0.5419197,0.5508462,0.5292423,0.511363,0.8744096,-0.44977733,0.09048258,-0.15786427,0.8819758,0.4686256,-0.049932677,-0.0039285324,0.9147444,0.40345937,0.0057734707,-0.020734945,0.85736656,-0.42844883,-0.23326401,-0.16414037,0.88109004,0.38649848,0.27240095,0.009849999,0.8909689,0.45351988,-0.00026701757,-0.022227708
49,4.083,-0.002429818,0.0,0.840103,0.9861662,-0.032044616,0.03629091,0.15853201,0.9997291,1.2585867e-09,-1.235793e-09,-0.02327583,1.0,0.0,1.540744e-33,7.372575e-18,1.0,0.0,1.540744e-33,7.372575e-18,0.9928791,0.045625303,-0.10210645,0.04103243,0.62111276,0.12980549,0.7321311,-0.24769633,0.9561,0.22832556,-0.05234014,-0.17607029,-0.91598016,-0.1665725,0.17108133,0.3224363,0.31459513,0.81723344,0.82862514,0.77444303,0.8254716,0.70761496,-0.072517864,-0.6092564,0.3504696,-0.2597244,-0.64131784,-0.6980778,-0.18423368,-0.29408792,0.9178183,-0.26643634,-0.011555969,0.2098793,0.5649615,0.5314407,0.5060247,0.5027287,0.8787994,-0.44138038,0.09512186,-0.15442406,0.8823052,0.46713078,-0.05748239,-0.004703716,0.91685504,0.39876294,0.007391566,-0.01761504,0.85970765,-0.4248414,-0.23314875,-0.16141318,0.8829287,0.383991,0.2700051,0.00922106,0.88949263,0.4562683,0.0019866994,-0.024863023
50,4.167,-0.0010641498,0.0,0.8408097,0.9863441,-0.034049347,0.03460969,0.15737908,0.99984103,-4.184266e-09,1.6916235e-10,-0.01783009,1.0,0.0,-1.155558e-33,-5.6378513e-18,1.0,0.0,-1.155558e-33,-5.6378513e-18,0.9930785,0.032102156,-0.107822776,0.03374742,0.6192102,0.13367085,0.729662,-0.2574961,0.9611558,0.21474019,-0.045879316,-0.16721638,-0.9116291,-0.18559128,0.16789189,0.32603768,0.3127796,0.8136018,0.8305166,0.76873964,0.820257,0.71725184,-0.06942931,-0.5748649,0.3876334,-0.3066077,-0.6417896,-0.6851556,-0.1570339,-0.3182096,0.8821298,-0.34471136,-0.041996744,0.26483446,0.54809713,0.497677,0.46320295,0.46812838,0.8818563,-0.4352821,0.097831964,-0.15260354,0.8815883,0.46815702,-0.060094777,-0.0044398247,0.9182807,0.39557663,0.0073193745,-0.01503755,0.86093795,-0.42326266,-0.23228791,-0.16024008,0.8837338,0.38294432,0.2688609,0.009057414,0.887444,0.46014744,0.0033788541,-0.026381474
51,4.25,0.00028042897,0.0,0.8414485,0.9864362,-0.036536317,0.032840718,0.15662144,0.9998906,-3.968535e-09,6.9931865e-09,-0.014791232,1.0,0.0,-7.70372e-34,-3.469447e-18,1.0,0.0,-7.70372e-34,-3.469447e-18,0.9932134,0.017295629,-0.112373546,0.024497215,0.61929727,0.13620399,0.7266345,-0.26442698,0.96597654,0.20047824,-0.036065698,-0.15936454,-0.90845627,-0.19145925,0.1690082,0.33088797,0.31277952,0.8156109,0.8320278,0.76633,0.81745046,0.7223298,-0.06554724,-0.55062586,0.4132244,-0.32968336,-0.6398895,-0.6825854,-0.12620391,-0.33260927,0.85080117,-0.4061615,-0.023265334,0.30996698,0.553999,0.46860576,0.43913195,0.4672602,0.8845356,-0.42933515,0.10239236,-0.15094325,0.88066053,0.46899563,-0.06669688,-0.005622707,0.91921514,0.39336935,0.009987286,-0.014292365,0.8620341,-0.421962,-0.2311107,-0.15947762,0.8836493,0.3839282,0.26775315,0.008443931,0.8860535,0.46282887,0.0046915123,-0.02601237
52,4.333,0.0012163573,0.0,0.84189945,0.9865156,-0.038420334,0.030548865,0.15613364,0.9999082,-1.2040182e-09,1.6252605e-09,-0.013551017,1.0,0.0,2.311116e-33,1.2576745e-17,1.0,0.0,2.311116e-33,1.2576745e-17,0.99342555,0.0065363487,-0.112602256,0.019589258,0.62110645,0.13683504,0.7204785,-0.27643034,0.9717443,0.18132865,-0.023794517,-0.14922062,-0.90558153,-0.19745094,0.17147325,0.33396435,0.30933937,0.81260073,0.832258,0.7669191,0.82007146,0.7239868,-0.060870107,-0.5252899,0.4429543,-0.35302398,-0.64349467,-0.67138344,-0.10263035,-0.319364,0.8526392,-0.4134642,-0.007767274,0.34010845,0.5729784,0.469688,0.43784314,0.4695439,0.88627625,-0.4255316,0.10552673,-0.14933638,0.88101286,0.4680704,-0.068520114,-0.005605873,0.91922784,0.3935596,0.010014242,-0.005540062,0.86197084,-0.42378044,-0.22871199,-0.15845248,0.8835517,0.38512442,0.26635137,0.008513303,0.88471186,0.46525642,0.006213828,-0.027978411
53,4.417,0.002358374,0.0,0.8418076,0.98709434,-0.04164443,0.029209545,0.15184645,0.99987704,2.6488824e-09,8.847866e-10,-0.015681505,1.0,0.0,9.62965e-35,1.0842022e-18,1.0,0.0,9.62965e-35,1.0842022e-18,0.99341905,0.0047333874,-0.112908825,0.018649407,0.6222178,0.13343127,0.71593755,-0.28718376,0.97617173,0.1656452,-0.018103348,-0.13900615,-0.9052878,-0.1972232,0.17167205,0.334792,0.30621487,0.80697095,0.8291581,0.7661562,0.8192326,0.7235208,-0.05108824,-0.49359578,0.47986543,-0.3754566,-0.64572215,-0.66061753,-0.075231105,-0.30490607,0.86236894,-0.40370378,0.019374955,0.39670667,0.5947603,0.4772034,0.446276,0.47447866,0.88830584,-0.42302692,0.10493375,-0.14474058,0.88210326,0.46620327,-0.067263395,-0.0048995325,0.918934,0.3943183,0.008393935,-0.0017029013,0.86058575,-0.43075603,-0.22349986,-0.15456133,0.8811652,0.39831766,0.2547054,0.004009503,0.8854904,0.4632961,0.0140002575,-0.032671534
54,4.5,0.0034502512,0.0,0.8417303,0.9878564,-0.04075536,0.027981164,0.14729504,0.99981123,1.2516217e-09,2.1547686e-09,-0.01942976,1.0,0.0,3.85186e-34,5.6378513e-18,1.0,0.0,3.85186e-34,5.6378513e-18,0.9936431,-0.00013253387,-0.11071921,0.020363046,0.62235683,0.12603119,0.7089493,-0.30688596,0.9776,0.15998589,-0.018453587,-0.13550729,-0.9123089,-0.18518364,0.16738987,0.3246232,0.30396622,0.80037254,0.8255577,0.7611457,0.8120227,0.7218424,-0.043901134,-0.46359664,0.5119515,-0.4049121,-0.6446141,-0.6457198,-0.059705224,-0.2860352,0.8640227,-0.4131048,0.031513933,0.42977226,0.61409557,0.4873426,0.4477475,0.47396168,0.8882538,-0.42481458,0.10435395,-0.1401714,0.8814633,0.46765742,-0.06561287,-0.0037336694,0.9201063,0.39161885,0.00624695,0.00015008856,0.857322,-0.4409247,-0.21970114,-0.14938493,0.8772751,0.41193527,0.24636903,0.00022529089,0.88811255,0.45784566,0.019383997,-0.03546469
55,4.583,0.004134095,0.0,0.84166515,0.9890227,-0.04156625,0.027867591,0.13903157,0.9997569,1.5067116e-09,-5.3082454e-09,-0.022050282,1.0,0.0,-7.70372e-34,-5.421011e-18,1.0,0.0,-7.70372e-34,-5.421011e-18,0.99426013,0.0023179878,-0.105278105,0.018920649,0.6337942,0.11787543,0.6977897,-0.31224963,0.97898734,0.14997584,0.0014140639,-0.13816327,-0.9146821,-0.18101394,0.17079191,0.31846625,0.30688778,0.7964644,0.81766856,0.75628436,0.80824876,0.71974725,-0.034758616,-0.42771062,0.54572827,-0.44352773,-0.6394674,-0.62616974,-0.047707547,-0.30717793,0.8682435,-0.38822368,0.032822553,0.43101987,0.6188641,0.4677183,0.45132753,0.45148745,0.8902588,-0.42630556,0.088886514,-0.13342415,0.88116384,0.47107738,-0.040260945,0.003930726,0.9214673,0.3883437,-0.00803165,0.00475802,0.8556709,-0.4463597,-0.21998991,-0.14210837,0.87283295,0.42261806,0.24404088,-0.0007971278,0.89098525,0.45229048,0.01935813,-0.034697615
56,4.667,0.0049816617,0.0,0.84177595,0.989766,-0.044214755,0.028293416,0.1326946,0.99965864,-1.1484695e-09,-4.369503e-10,-0.026127145,1.0,0.0,-1.155558e-33,-5.8546917e-18,1.0,0.0,-1.155558e-33,-5.8546917e-18,0.9946477,0.003419443,-0.10232287,0.013941851,0.63554144,0.11238251,0.6994961,-0.306859,0.9787703,0.15111797,0.0003633938,-0.1384626,-0.91650087,-0.17955641,0.1710911,0.31386867,0.30806658,0.7944977,0.8132194,0.7520533,0.80420977,0.7178171,-0.02773043,-0.41877723,0.5555135,-0.45470592,-0.6350468,-0.6226037,-0.04819417,-0.3297204,0.8579705,-0.39027905,0.053416546,0.4119534,0.61938107,0.45414346,0.45617992,0.45038873,0.89401615,-0.41990268,0.08984341,-0.1278476,0.88831544,0.45661524,-0.048955176,0.0012364035,0.92125386,0.3889398,-0.0040754615,0.0007141596,0.8588846,-0.44007188,-0.22292712,-0.13768624,0.8755179,0.41787925,0.2425801,-0.00041290314,0.8914428,0.45089528,0.020205267,-0.040187165
57,4.75,0.0049036914,0.0,0.8414596,0.9899198,-0.04211147,0.030005012,0.1318528,0.9997626,3.0200946e-09,-2.0901187e-09,-0.021788936,1.0,0.0,-7.70372e-34,-6.071532e-18,1.0,0.0,-7.70372e-34,-6.071532e-18,0.99502456,0.0019932196,-0.09950274,0.004620324,0.64096576,0.11362805,0.69217783,-0.31167516,0.9791717,0.14656842,0.010071769,-0.14013952,-0.91485703,-0.18533859,0.1765233,0.31229112,0.3062808,0.79729176,0.81149703,0.7506283,0.8016995,0.7207362,-0.028657326,-0.38576102,0.5752447,-0.48405656,-0.63038635,-0.6057111,-0.037634682,-0.32460374,0.8588302,-0.39228508,0.05617393,0.4091332,0.63706315,0.44862625,0.4671434,0.4646239,0.89151615,-0.42750093,0.077133745,-0.1284224,0.88284594,0.46881068,-0.027322274,0.0072853696,0.9209255,0.3893309,-0.014737149,0.010026579,0.8565384,-0.4429045,-0.22664204,-0.1371531,0.8725466,0.4205266,0.24863283,0.0012229746,0.8929307,0.44831514,0.015907884,-0.037884682
58,4.833,0.00485974,0.0,0.8411551,0.9901054,-0.044203583,0.03103487,0.1295152,0.9997934,3.4400625e-09,-3.5357346e-09,-0.020325582,1.0,0.0,3.469447e-18,1.951564e-18,1.0,0.0,3.469447e-18,1.951564e-18,0.99509203,0.0009743466,-0.09894313,0.0010563992,0.6370855,0.11488427,0.69579816,-0.31110865,0.9806521,0.14431348,-0.0006606005,-0.13226755,-0.9135886,-0.1864667,0.17392306,0.31675985,0.30847067,0.8011423,0.81404155,0.7520007,0.80125755,0.7185868,-0.028840251,-0.39967808,0.5683825,-0.48104173,-0.6315771,-0.60611683,-0.048286233,-0.328183,0.8429961,-0.42510167,0.03069319,0.41361576,0.6277378,0.4429904,0.47539338,0.46641082,0.8917704,-0.4263018,0.08408701,-0.1262604,0.8867982,0.45998496,-0.044707637,0.0020135571,0.9203326,0.39108646,-0.00573055,0.0025435383,0.8579446,-0.44186798,-0.22397928,-0.1360773,0.8745353,0.42233947,0.23835547,-0.0020048388,0.89344835,0.4466434,0.022114135,-0.04207884
59,4.917,0.0046259053,0.0,0.8409427,0.989974,-0.04223537,0.031211825,0.13112354,0.99986845,-1.2586296e-09,4.1680723e-10,-0.016217884,1.0,0.0,-9.62965e-35,-4.3368087e-19,1.0,0.0,-9.62965e-35,-4.3368087e-19,0.99498713,-0.0038315563,-0.0997887,0.0053077764,0.6325663,0.117839925,0.6972035,-0.31603935,0.98095447,0.14486918,-0.0071845767,-0.12918837,-0.9128774,-0.18377686,0.1764221,0.31899256,0.30858576,0.79945326,0.81018364,0.75099397,0.79713964,0.7178778,-0.03519114,-0.42385954,0.5511407,-0.45034805,-0.6390996,-0.62150186,-0.049736865,-0.31023905,0.8591603,-0.406934,-0.000104838466,0.41354468,0.6133705,0.4569557,0.45860428,0.4504061,0.8900762,-0.42851558,0.08860817,-0.12762183,0.8861949,0.46032023,-0.052571338,-0.00031569754,0.91844195,0.39552003,-0.0015030962,0.0051053977,0.8561911,-0.44438645,-0.22512934,-0.1370191,0.8737369,0.42338446,0.23942143,-0.0026046643,0.89333314,0.44649607,0.022991437,-0.045480907
60,5.0,0.0063139116,0.0,0.8409123,0.9898452,-0.044591982,0.029271862,0.13176176,0.99993354,-3.095686e-09,3.7219354e-09,-0.011530592,1.0,0.0,5.77779e-34,2.8189256e-18,1.0,0.0,5.77779e-34,2.8189256e-18,0.99491507,-0.0037474718,-0.10015351,0.009961419,0.6276523,0.12307544,0.70793146,-0.2995632,0.98086625,0.14560357,-0.0019270695,-0.12921779,-0.9053412,-0.20213822,0.18288787,0.3256524,0.3133719,0.79502094,0.8084951,0.7495819,0.794025,0.71827924,-0.03857341,-0.4619212,0.51886016,-0.412784,-0.64318854,-0.64203864,-0.06086242,-0.2715127,0.8995264,-0.3416889,0.019540034,0.3503375,0.62309694,0.4986185,0.48569396,0.45640317,0.89217055,-0.42181772,0.100218624,-0.1267192,0.8874767,0.45523286,-0.07154615,-0.0054156557,0.9177551,0.39705193,0.007894297,-0.003593548,0.8602233,-0.43779853,-0.22237326,-0.13747177,0.87688726,0.41799152,0.23737174,-0.0025497878,0.89246404,0.44803423,0.02360891,-0.04707324
61,5.083,0.007215712,0.0,0.8410639,0.98862964,-0.0439075,0.031916186,0.14023152,0.9999615,2.0550355e-09,1.4959116e-09,-0.008777834,1.0,0.0,-9.62965e-35,-6.505213e-19,1.0,0.0,-9.62965e-35,-6.505213e-19,0.9942025,0.00042725418,-0.106707215,0.013222289,0.6247457,0.13189244,0.71331763,-0.28892058,0.97685236,0.16223593,-0.009092778,-0.13912699,-0.9050226,-0.20263657,0.18382567,0.32570022,0.31469566,0.7936917,0.8079488,0.7494244,0.79459995,0.7212428,-0.048895594,-0.49450567,0.4825787,-0.38534278,-0.64260465,-0.6578092,-0.076533064,-0.25237975,0.9309032,-0.26402757,-0.003628026,0.23965682,0.58629376,0.53246903,0.51311016,0.4753727,0.88905597,-0.42663372,0.09575073,-0.13562815,0.88349915,0.46473095,-0.058748662,-0.0017206694,0.9145642,0.40443215,0.0016002472,-0.0021065841,0.854479,-0.44757742,-0.21998285,-0.14542225,0.8711154,0.43030116,0.23658867,-0.004972211,0.8900989,0.45424446,0.024361888,-0.028148737
62,5.167,0.007802639,0.0,0.8416862,0.9882341,-0.041724093,0.030628093,0.14392474,0.99995095,-8.565975e-09,3.082441e-09,-0.0099044535,1.0,0.0,-3.85186e-34,-4.98733e-18,1.0,0.0,-3.85186e-34,-4.98733e-18,0.99375707,0.02001401,-0.10694518,0.024679674,0.6240875,0.1323104,0.7178745,-0.27868417,0.974313,0.17142473,-0.0106944535,-0.14564784,-0.9044329,-0.20805268,0.18282403,0.32448512,0.32020834,0.7931176,0.8081792,0.74842966,0.7960042,0.71129453,-0.05806405,-0.55498236,0.42741457,-0.30310172,-0.6483358,-0.69086176,-0.10246971,-0.22127917,0.96389395,-0.14803891,0.0053304653,0.27303603,0.5591456,0.5591147,0.53181565,0.4664751,0.88958406,-0.42381507,0.09918341,-0.1385051,0.88425946,0.46325183,-0.059007656,-0.0010281819,0.9157543,0.40171352,0.0006054278,-0.0044638384,0.8612325,-0.4330816,-0.22082396,-0.14817421,0.8774725,0.41338396,0.24321368,-0.0016531543,0.8909586,0.45281357,0.018367393,-0.028553236
63,5.25,0.007048976,0.0,0.8422399,0.98704726,-0.028700557,0.029711775,0.15502015,0.99999464,1.152803e-09,-1.836647e-09,-0.0032749157,1.0,0.0,5.77779e-34,3.3610267e-18,1.0,0.0,5.77779e-34,3.3610267e-18,0.99321973,0.028437898,-0.10513462,0.04065142,0.6277593,0.13639136,0.71391004,-0.2786541,0.96996045,0.1826968,0.0020044174,-0.16060679,-0.900265,-0.21839422,0.19373098,0.3229477,0.32002455,0.7935982,0.809706,0.751452,0.79846525,0.7036899,-0.08288863,-0.6004692,0.37065724,-0.25142628,-0.64665,-0.70855397,-0.12876272,-0.20517924,0.9763234,-0.05610788,-0.039319072,0.28915882,0.55767304,0.547553,0.5133467,0.43103093,0.88671505,-0.4297229,0.08139559,-0.14983116,0.8835168,0.46805525,-0.013535025,0.011798559,0.917193,0.3977149,-0.023062402,0.006926001,0.8578965,-0.4380171,-0.21986727,-0.15431462,0.87639135,0.40467024,0.26105392,0.005569223,0.8920463,0.45179817,0.0030910438,-0.0110570425
64,5.333,0.006470436,0.0,0.84262294,0.986687,-0.018500369,0.025435995,0.15956031,0.9999934,-1.6380586e-10,4.808691e-09,-0.0036311217,1.0,0.0,1.540744e-33,1.2143064e-17,1.0,0.0,1.540744e-33,1.2143064e-17,0.9930448,0.047049437,-0.08995907,0.059630316,0.6228684,0.13263674,0.7207547,-0.27377936,0.9654157,0.19898117,-0.016641296,-0.16763683,-0.9018766,-0.21417294,0.18475021,0.3265208,0.320689,0.7999794,0.8105214,0.75349945,0.80457157,0.6907343,-0.09611121,-0.6373742,0.32772374,-0.17402439,-0.6556653,-0.71522754,-0.16813113,-0.20355426,0.97707963,-0.054257758,-0.030612515,0.32871488,0.5416761,0.5379823,0.5008622,0.4240651,0.8824624,-0.4367622,0.08534505,-0.15236497,0.88090754,0.4730054,-0.00979517,0.013109535,0.921111,0.38840026,-0.025272453,0.007817787,0.8557947,-0.44478545,-0.21471049,-0.15388532,0.8770046,0.39962715,0.26661307,0.008861363,0.89327574,0.44947216,-0.0027651396,-0.005064416
65,5.417,0.0065190364,0.0,0.84307724,0.9861875,-0.0055530192,0.022814656,0.16395994,0.9999967,-4.90885e-10,-1.7006953e-09,-0.0025715563,1.0,0.0,1.540744e-33,8.348357e-18,1.0,0.0,1.540744e-33,8.348357e-18,0.9935173,0.048884925,-0.081255555,0.062699586,0.62088037,0.12849823,0.7262791,-0.2655457,0.9591387,0.21729673,-0.027838891,-0.17905319,-0.90352905,-0.1963794,0.18281868,0.33413735,0.31996414,0.80607957,0.80989957,0.7579948,0.81502295,0.684761,-0.110627584,-0.65881276,0.2912553,-0.1200007,-0.6641373,-0.704802,-0.21857633,-0.23325576,0.9709216,-0.053461436,-0.0067042103,0.3625742,0.4905418,0.5468919,0.49774468,0.42761505,0.8779907,-0.44375917,0.0891997,-0.15573528,0.88188916,0.47117773,-0.0069401097,0.014657387,0.92527,0.37786105,-0.02841182,0.017005596,0.85072625,-0.45669323,-0.21030825,-0.15318806,0.87771505,0.39630774,0.2691336,0.011114938,0.8926994,0.45060533,-0.0056141256,-0.0033263285
66,5.5,0.0038615486,0.0,0.8423331,0.9852097,0.0041294317,0.030165862,0.1686264,0.9999906,-1.52523e-10,8.2359575e-10,-0.0043407492,1.0,0.0,-2.311116e-33,-1.2075302e-17,1.0,0.0,-2.311116e-33,-1.2075302e-17,0.9936592,0.03789499,-0.08619976,0.061441034,0.62573284,0.12537909,0.7148951,-0.2857682,0.95829695,0.21889868,-0.029704548,-0.18129528,-0.9094994,-0.17860487,0.17808351,0.33045024,0.32418743,0.8106636,0.80930364,0.76250285,0.82653147,0.6787937,-0.12273584,-0.66890776,0.27701506,-0.10270666,-0.68595135,-0.6627416,-0.2823041,-0.2831529,0.95451635,-0.08912181,0.027932568,0.38603896,0.4593416,0.55802035,0.50194365,0.43528658,0.8686966,-0.4614619,0.07620256,-0.16313303,0.87809837,0.4780306,0.009802952,0.01827394,0.9245993,0.3780328,-0.035213266,0.031103235,0.8298976,-0.48919865,-0.21813987,-0.15610783,0.86377347,0.42417547,0.27188048,0.0071838126,0.8921922,0.45163453,-0.0001431294,-0.004403809
67,5.583,-0.0009763577,0.0,0.8405138,0.9843906,0.010495305,0.041346718,0.17074965,0.99999964,-1.0209773e-09,-1.7834418e-09,-0.00082368613,1.0,0.0,5.77779e-34,2.981556e-18,1.0,0.0,5.77779e-34,2.981556e-18,0.9934055,0.024759067,-0.1015411,0.047136184,0.63160443,0.12730257,0.7032957,-0.30040812,0.954988,0.22728601,-0.051470883,-0.18354754,-0.9190654,-0.13867615,0.15372998,0.3353427,0.3275917,0.81253827,0.8094747,0.7709598,0.8281968,0.6549653,-0.13798234,-0.6954814,0.26131773,-0.06344964,-0.71982485,-0.60118693,-0.34117538,-0.3333791,0.9292418,-0.1404922,0.075033806,0.40045664,0.4451322,0.5664337,0.50767165,0.44200817,0.8526449,-0.49046382,0.06186726,-0.16915765,0.8693328,0.49382567,0.012795168,0.015264445,0.92182285,0.38520777,-0.028468318,0.032360565,0.80755174,-0.5214701,-0.2246379,-0.15958361,0.8464411,0.46026576,0.2677553,6.132377e-05,0.89653957,0.4428944,0.007834447,-0.00018429433
68,5.667,-0.0014764699,0.0,0.838928,0.9845447,0.013219799,0.04349167,0.16913152,0.99999803,-7.365152e-10,1.255823e-09,0.0019809823,1.0,0.0,-1.540744e-33,-8.131516e-18,1.0,0.0,-1.540744e-33,-8.131516e-18,0.99403983,0.024403917,-0.10519531,0.01494028,0.6356381,0.12609877,0.69668347,-0.3077263,0.94724,0.24415272,-0.07014836,-0.19546099,-0.9312051,-0.096371435,0.12956555,0.3267758,0.32638445,0.81047153,0.8030653,0.77402085,0.82208395,0.6313351,-0.14500722,-0.7283678,0.22331426,-0.051246397,-0.74772406,-0.5223648,-0.40671557,-0.52418524,0.8467714,0.017259596,0.08893878,0.28092107,0.4921827,0.82217485,0.8052828,0.7666872,0.8381973,-0.5157041,0.058308944,-0.16755486,0.85226196,0.5221143,0.025088718,0.020416154,0.92460495,0.37837642,-0.03635482,0.024803968,0.79770577,-0.53695536,-0.22463979,-0.15773848,0.8298012,0.48381776,0.27810562,0.0027530757,0.9014466,0.4328706,-0.0031683408,0.0026489184
69,5.75,-0.0015054282,0.0,0.8375157,0.9833952,0.023016265,0.052610684,0.17215155,0.9998156,1.3370001e-09,2.5239475e-09,0.019203309,1.0,0.0,-2.311116e-33,-1.2143064e-17,1.0,0.0,-2.311116e-33,-1.2143064e-17,0.99288875,0.014354423,-0.11546633,-0.025166998,0.6371788,0.13386618,0.6690237,-0.35845554,0.9080409,0.31438503,-0.12691186,-0.24600239,-0.9636406,0.006925918,0.08283277,0.25394407,0.32158694,0.8014848,0.79317003,0.7722766,0.8166579,0.59635514,-0.17284499,-0.7648564,0.171697,-0.15738373,-0.7837008,-0.34105965,-0.49469352,-0.8751004,-0.46805155,0.12126447,0.020543525,0.20397629,0.71638817,1.0149517,1.0043799,0.94644666,0.825208,-0.53632593,0.033633046,-0.17393965,0.8361004,0.5444475,0.060351416,0.029508105,0.9272099,0.3693941,-0.052055005,0.03346735,0.7798709,-0.56085664,-0.22637597,-0.1612299,0.8094736,0.5129248,0.28573996,0.003655835,0.90923816,0.41592222,-0.012460597,0.011807061
70,5.833,-0.0018325951,0.0,0.83612365,0.98197263,0.042332534,0.06114862,0.17377724,0.9990284,-6.4838884e-10,4.422264e-09,0.044071045,1.0,0.0,-7.70372e-34,-3.469447e-18,1.0,0.0,-7.70372e-34,-3.469447e-18,0.9891483,-0.009344087,-0.12930463,-0.069127105,0.62593436,0.14029804,0.64685553,-0.41243246,0.8829529,0.3513678,-0.1626743,-0.26546544,-0.9723102,0.063404456,0.058792487,0.2171088,0.31178948,0.7929505,0.78750414,0.76822644,0.81799513,0.55042624,-0.21068344,-0.799272,0.11750598,-0.57036734,-0.660922,0.053494908,-0.48476955,-0.38358423,-0.90958536,0.030086089,0.15688343,0.18560119,0.8219846,1.0960242,1.0850396,1.0034701,0.79728377,-0.5766506,0.015622881,-0.17767553,0.81099653,0.57784534,0.08444137,0.035341695,0.9297969,0.36180472,-0.06114979,0.028909735,0.7599519,-0.5853396,-0.232281,-0.16092302,0.79017526,0.5372382,0.2949389,0.0030414858,0.9169383,0.3981396,-0.020473722,0.017025048
71,5.917,-0.0028567666,0.0,0.83414656,0.97883075,0.072681166,0.07146004,0.17748593,0.9967438,6.038266e-09,-7.856381e-10,0.080633536,1.0,0.0,-5.77779e-34,-2.6020852e-18,1.0,0.0,-5.77779e-34,-2.6020852e-18,0.9808799,-0.04839385,-0.15385482,-0.10890957,0.5996181,0.15091528,0.6304983,-0.46920642,0.8720246,0.36828613,-0.18915759,-0.26107058,-0.9715059,0.09806561,0.047080234,0.21057758,0.31258634,0.7867021,0.7856976,0.7708983,0.8248497,0.5205938,-0.2630421,-0.807994,0.08328607,-0.8544418,-0.3254897,0.29240355,-0.28015307,-0.9052028,-0.2936688,-0.275185,-0.13652728,0.24721944,0.7124506,0.95962197,0.9141845,0.8132439,0.76162034,-0.62155485,-0.0024141963,-0.18329805,0.78497946,0.6098493,0.102520294,0.037157662,0.92983496,0.36179343,-0.06442886,0.019010454,0.7287365,-0.6208626,-0.24084581,-0.15958059,0.77236676,0.55899334,0.3016223,0.000107809974,0.9152398,0.40116197,-0.021086982,0.030992368
72,6.0,-0.0038276617,0.0,0.83220136,0.9752813,0.08871249,0.08337172,0.18440606,0.99508256,3.1989595e-09,4.529775e-09,0.099048786,1.0,0.0,-3.081488e-33,-1.3877788e-17,1.0,0.0,-3.081488e-33,-1.3877788e-17,0.9732806,-0.070963524,-0.17275408,-0.1335855,0.5804345,0.1632924,0.6233132,-0.49790767,0.8802534,0.35840023,-0.20215645,-0.2362965,-0.9675279,0.09061471,0.03959443,0.23261754,0.31353077,0.7811203,0.7849437,0.7702641,0.8286221,0.5062146,-0.29420435,-0.8078697,0.0673585,-0.92198586,-0.15219289,0.31793532,-0.16030128,-0.7895864,-0.47892007,-0.2567611,-0.28506586,0.35052416,0.616143,0.7737861,0.7496447,0.6817089,0.73878163,-0.6453856,-0.022084704,-0.19285055,0.76516736,0.6300243,0.12604417,0.0412446,0.92920226,0.36200812,-0.07296053,0.014494392,0.7129294,-0.6344359,-0.24800892,-0.1664761,0.76110584,0.57206666,0.30568895,-0.0034532647,0.9145128,0.40211272,-0.022362396,0.038362198
73,6.083,-0.005804768,0.0,0.83046937,0.97134304,0.10299302,0.098881416,0.19002007,0.99256027,1.0825865e-08,1.4795695e-09,0.12175447,1.0,0.0,-1.3877788e-17,1.5612511e-17,1.0,0.0,-1.3877788e-17,1.5612511e-17,0.96226674,-0.097215116,-0.19038004,-0.16836692,0.5671962,0.17862307,0.61420107,-0.51878643,0.88333035,0.35246634,-0.21844527,-0.21857879,-0.962576,0.08730865,0.038429793,0.2536687,0.32020956,0.7801868,0.78966624,0.7721365,0.83376074,0.47935966,-0.32769418,-0.8126686,0.048995957,-0.94425416,-0.094850644,0.29621625,-0.10790422,-0.73491734,-0.5344327,-0.23880489,-0.34241837,0.431646,0.6038384,0.68626434,0.6501695,0.62866944,0.7225613,-0.6592006,-0.04145112,-0.20406248,0.7485461,0.6464869,0.14120884,0.042349003,0.9313342,0.35543215,-0.07813908,0.0133749945,0.6986703,-0.64580154,-0.2529103,-0.17560342,0.75444853,0.5825573,0.30231154,-0.006488051,0.91542375,0.39867768,-0.021332415,0.050993584
74,6.167,-0.008603328,0.0,0.8293726,0.966294,0.11615263,0.11247239,0.20033585,0.98880285,6.409029e-09,-1.0983524e-08,0.14922787,1.0,0.0,1.3877788e-17,1.3877788e-17,1.0,0.0,1.3877788e-17,1.3877788e-17,0.9508442,-0.121432796,-0.19844197,-0.20437746,0.56927955,0.19885057,0.61842966,-0.5039087,0.87310857,0.35286525,-0.25931004,-0.21430321,-0.9493287,0.075872876,0.019025603,0.3043949,0.324095,0.7810465,0.7960169,0.7778536,0.84486413,0.44912457,-0.3667393,-0.8145753,0.016015384,-0.9578038,-0.06923574,0.2687493,-0.074780926,-0.6944615,-0.5657514,-0.22256598,-0.38485444,0.44261304,0.6020831,0.63755596,0.59742635,0.5784756,0.7201778,-0.655678,-0.061800923,-0.21819939,0.75424445,0.63537747,0.15969831,0.043671235,0.9319474,0.35221413,-0.0856605,0.009029703,0.6995667,-0.64283884,-0.24742547,-0.19011895,0.76496506,0.577602,0.2847711,-0.010475913,0.9149736,0.39830318,-0.015762325,0.062685266
75,6.25,-0.010938131,0.0,0.8284432,0.9632871,0.11011869,0.12591322,0.20999442,0.9847693,7.931797e-09,-3.3591439e-09,0.17386632,1.0,0.0,-7.70372e-34,-3.469447e-18,1.0,0.0,-7.70372e-34,-3.469447e-18,0.9376084,-0.122577846,-0.21058498,-0.2480305,0.57179046,0.22858264,0.6199258,-0.48631027,0.87231594,0.34922397,-0.26607668,-0.21519937,-0.9417706,0.04849562,0.017596375,0.33227494,0.32491386,0.7851315,0.8008489,0.7807729,0.8517784,0.41333443,-0.39104825,-0.82119036,-0.04338554,-0.9639579,-0.04960355,0.25730896,-0.04600758,-0.65345263,-0.59571034,-0.19976881,-0.42216262,0.44701532,0.60697365,0.61884445,0.5769339,0.5468908,0.72106504,-0.64773536,-0.079522096,-0.23276675,0.7588914,0.6252242,0.17621633,0.046112888,0.9290849,0.3583639,-0.091103815,0.0087559065,0.69603515,-0.6425244,-0.24393074,-0.20783469,0.7678461,0.58084154,0.269911,-0.013546987,0.91126287,0.40445688,-0.00656355,0.07727575
76,6.333,-0.012890575,0.0,0.8278204,0.9603371,0.10415331,0.13794757,0.21880403,0.98116875,3.0883482e-09,1.0956362e-08,0.19315265,1.0,0.0,4.622232e-33,2.2551405e-17,1.0,0.0,4.622232e-33,2.2551405e-17,0.9268153,-0.12225103,-0.21995993,-0.27872166,0.5816823,0.2519962,0.62143934,-0.4603876,0.86810255,0.34420907,-0.2842948,-0.21701273,-0.92973036,0.022809293,0.00903659,0.36742282,0.3250124,0.790454,0.808809,0.78700453,0.8579884,0.38937932,-0.40932453,-0.8204559,-0.0876887,-0.96575695,-0.049918152,0.25191215,-0.0369047,-0.62905574,-0.6073832,-0.19825196,-0.44279873,0.45601416,0.6098694,0.6151408,0.56690395,0.5343788,0.7215026,-0.64025116,-0.09459761,-0.24609704,0.76329035,0.6162899,0.1880685,0.04695542,0.92688584,0.3633869,-0.0929431,0.013934546,0.69426554,-0.63974476,-0.24213119,-0.22381784,0.77270466,0.58017766,0.2570051,-0.016425338,0.9087421,0.40803346,0.0018374381,0.08771045
77,6.417,-0.0137360515,0.0,0.8273177,0.9578674,0.10272637,0.14448807,0.22596574,0.97899723,-1.664074e-09,-1.1517311e-08,0.20387346,1.0,0.0,-1.540744e-33,-6.938894e-18,1.0,0.0,-1.540744e-33,-6.938894e-18,0.9225055,-0.1235675,-0.2228032,-0.2899542,0.5924281,0.26390105,0.6236642,-0.43638074,0.86772174,0.34104714,-0.28329772,-0.22469586,-0.92019314,0.004284161,0.009229247,0.39133242,0.32507628,0.793409,0.81510633,0.7896463,0.85980856,0.37874115,-0.42241317,-0.8166726,-0.10567928,-0.9674044,-0.05294265,0.24502128,-0.035921305,-0.62692094,-0.6029469,-0.19799179,-0.45191196,0.45470417,0.60971653,0.6162908,0.56697696,0.5352204,0.71949226,-0.63794005,-0.10148368,-0.25507733,0.76528186,0.6112806,0.19582473,0.048294414,0.92546487,0.3661552,-0.09491983,0.020864317,0.693319,-0.6401746,-0.23277715,-0.23515947,0.776992,0.5817109,0.23981485,-0.019613897,0.9089518,0.4066405,0.009858928,0.0913943
78,6.5,-0.014960156,0.0,0.82701826,0.9546826,0.10710404,0.15043576,0.23340727,0.97737277,-1.6814534e-08,-1.1254885e-08,0.21152425,1.0,0.0,3.081488e-33,1.7347235e-17,1.0,0.0,3.081488e-33,1.7347235e-17,0.92054915,-0.13607363,-0.22229739,-0.29095885,0.5966943,0.27069157,0.62135917,-0.429645,0.87219864,0.3269489,-0.29081583,-0.21863234,-0.90696776,-0.0078035463,0.0028109406,0.4211184,0.32844895,0.79655653,0.82372797,0.79415214,0.86395484,0.37016803,-0.43687037,-0.81228834,-0.11093942,-0.9691801,-0.036260635,0.2424537,-0.024317252,-0.61026263,-0.6139779,-0.18741882,-0.46420345,0.45460075,0.6104671,0.6131226,0.56609917,0.5402098,0.7145737,-0.6390001,-0.10853025,-0.26321957,0.766673,0.60682184,0.20389259,0.049066667,0.9230361,0.37125057,-0.096411005,0.02970368,0.6864437,-0.64608234,-0.22756544,-0.2441038,0.7762693,0.5864484,0.23012765,-0.022923835,0.909315,0.40627202,0.015410192,0.088610515
79,6.583,-0.015850447,0.0,0.8268131,0.95317864,0.10841842,0.15260208,0.2375048,0.9772762,4.2129883e-10,3.79134e-09,0.21196993,1.0,0.0,-1.3877788e-17,-1.7347235e-17,1.0,0.0,-1.3877788e-17,-1.7347235e-17,0.9207553,-0.13921142,-0.21998946,-0.290576,0.5952963,0.27371413,0.6195834,-0.4322259,0.8780693,0.3330194,-0.2596159,-0.22514874,-0.9121596,-0.016224349,0.027008155,0.4086223,0.32880116,0.8007626,0.8298738,0.7989357,0.8690635,0.37554312,-0.443502,-0.80820477,-0.09528081,-0.9704329,-0.01919581,0.23987208,-0.018787349,-0.6179066,-0.6024266,-0.18247208,-0.47114503,0.46091238,0.61377233,0.6197652,0.57217944,0.54147226,0.7123368,-0.63937455,-0.11126708,-0.26720056,0.76318234,0.6103056,0.20685247,0.047872886,0.9251317,0.36565968,-0.09586316,0.035137516,0.6816633,-0.6507026,-0.22392073,-0.24855752,0.7725187,0.5924401,0.22724755,-0.024250565,0.90959936,0.4059211,0.01689301,0.08701563
80,6.667,-0.016237333,0.0,0.82682127,0.9526737,0.10813438,0.15220608,0.23990235,0.9771221,-5.562665e-09,2.883666e-09,0.2126789,1.0,0.0,1.3877788e-17,-2.0816682e-17,1.0,0.0,1.3877788e-17,-2.0816682e-17,0.9215549,-0.13955742,-0.21663785,-0.2903934,0.5950731,0.27563852,0.61825806,-0.43320704,0.878702,0.3370223,-0.24776906,-0.23002021,-0.9142857,-0.015820296,0.030806514,0.4035868,0.33152533,0.80522245,0.83589506,0.8013357,0.87188345,0.37776706,-0.4465022,-0.8059473,-0.09152485,-0.970773,-0.012379167,0.23913245,-0.01619563,-0.6258217,-0.59552956,-0.18007833,-0.4703866,0.46449107,0.61442363,0.6245931,0.57730913,0.538972,0.7125086,-0.63825107,-0.1134144,-0.26852235,0.7627945,0.6086946,0.21270497,0.048908032,0.92566115,0.3632968,-0.09835385,0.038643863,0.6816529,-0.65151316,-0.21893416,-0.25089395,0.77338326,0.5930823,0.22251144,-0.024907127,0.91113317,0.4028198,0.018612595,0.08500643
81,6.75,-0.016365224,0.0,0.82688385,0.95273197,0.10936077,0.1498122,0.24062061,0.97790587,2.3548488e-09,-8.209221e-11,0.20904571,1.0,0.0,-1.3877788e-17,1.3877788e-17,1.0,0.0,-1.3877788e-17,1.3877788e-17,0.923191,-0.13800576,-0.21386111,-0.28798646,0.5919823,0.27311802,0.6170229,-0.44073373,0.8770657,0.34001654,-0.24868815,-0.23086509,-0.91858596,-0.000741031,0.028081985,0.39422163,0.33430627,0.809233,0.8404669,0.80100757,0.87549573,0.38136464,-0.4454785,-0.8058037,-0.08240316,-0.97128594,-0.018229976,0.2362153,-0.021764062,-0.64427614,-0.5944321,-0.18755305,-0.4431507,0.4771626,0.60790706,0.61170423,0.5662272,0.5259385,0.71280724,-0.6390139,-0.10812949,-0.2680954,0.7627877,0.6103893,0.20805417,0.04788802,0.9276776,0.35865933,-0.09664204,0.03792295,0.68160796,-0.65220547,-0.2184623,-0.24962536,0.7720908,0.5935709,0.2257276,-0.024422359,0.9119561,0.40102404,0.017002644,0.08501055
82,6.833,-0.016310185,0.0,0.8270059,0.95357126,0.10770945,0.14478882,0.24111566,0.9796081,-4.5545695e-10,-7.944513e-09,0.20091769,1.0,0.0,-3.081488e-33,-1.3877788e-17,1.0,0.0,-3.081488e-33,-1.3877788e-17,0.92636704,-0.131095,-0.21542989,-0.27972877,0.5840177,0.26944804,0.6125105,-0.4595127,0.8824688,0.3420608,-0.22559617,-0.23097526,-0.9280303,0.006932845,0.053341065,0.36860058,0.334295,0.81183153,0.8437433,0.8016963,0.88084114,0.38388014,-0.43945754,-0.8089964,-0.07097841,-0.9721165,-0.0199947,0.23232442,-0.02480207,-0.6802377,-0.5889305,-0.18474856,-0.39535496,0.47458413,0.6033498,0.5871109,0.5493187,0.48163807,0.71543133,-0.63768053,-0.10373819,-0.2660075,0.763906,0.6090709,0.20780192,0.047943763,0.92796427,0.35841537,-0.0971929,0.031213704,0.68760794,-0.64643216,-0.2195526,-0.2472194,0.77699775,0.58494055,0.23156504,-0.022286873,0.90931875,0.40702042,0.013997386,0.08531014
83,6.917,-0.015875034,0.0,0.82794183,0.95519954,0.12123305,0.13039574,0.23641774,0.98576355,7.508913e-09,-1.0591035e-08,0.16813757,1.0,0.0,1.540744e-33,2.0816682e-17,1.0,0.0,1.540744e-33,2.0816682e-17,0.9356581,-0.13077934,-0.20836401,-0.25303182,0.57981646,0.23773506,0.62510526,-0.4653368,0.8824048,0.3446145,-0.22450982,-0.2284687,-0.9356765,0.023966853,0.05408355,0.34786487,0.3347409,0.8177066,0.8533636,0.80325013,0.8859043,0.41522032,-0.4118612,-0.80932266,-0.05439935,-0.9659034,-0.04911283,0.25019646,-0.04494818,-0.6867616,-0.58240664,-0.21723302,-0.37679014,0.40575755,0.57795036,0.58294874,0.5476509,0.45980942,0.71326697,-0.6468071,-0.094756946,-0.2528081,0.7639031,0.60929257,0.20730461,0.0473235,0.9283758,0.35783395,-0.09801218,0.021607628,0.69599485,-0.6415941,-0.22455865,-0.2313472,0.78601944,0.5669496,0.24569272,-0.01940853,0.90647054,0.41314626,0.0077013345,0.08695954
84,7.0,-0.016864082,0.0,0.8287473,0.9579376,0.1223967,0.11668628,0.23185973,0.9906498,1.6698577e-08,-2.2521782e-08,0.13642944,1.0,0.0,1.3877788e-17,3.469447e-18,1.0,0.0,1.3877788e-17,3.469447e-18,0.9461814,-0.11890904,-0.20762862,-0.21792588,0.5714024,0.2140573,0.63084537,-0.47928378,0.87159216,0.36613992,-0.22475961,-0.23611817,-0.9361707,0.11135458,0.097529314,0.3188614,0.35543287,0.8317581,0.8578595,0.8056995,0.88887036,0.4458878,-0.3789232,-0.8092264,-0.0524776,-0.95565635,-0.06258919,0.2823218,-0.05565897,-0.68287796,-0.5885253,-0.23872945,-0.36100402,0.34557456,0.55676776,0.58540565,0.55369264,0.44859383,0.7082889,-0.6580477,-0.08612832,-0.24058665,0.75373,0.6199446,0.2123614,0.04962277,0.92552143,0.36461794,-0.10181967,0.009829821,0.69931865,-0.63782126,-0.23942357,-0.21636501,0.7800894,0.55753535,0.28368983,-0.0116201155,0.90230125,0.42256474,-0.010278225,0.0847695
85,7.083,-0.020799104,0.0,0.829562,0.9601126,0.11032773,0.112835795,0.23082405,0.99607855,7.0151183e-09,-3.841756e-09,0.08847317,1.0,0.0,2.311116e-33,1.2143064e-17,1.0,0.0,2.311116e-33,1.2143064e-17,0.9528981,-0.08772377,-0.21797922,-0.19176759,0.59750575,0.1854572,0.6278122,-0.46308136,0.86983865,0.37648234,-0.1856604,-0.25917563,-0.90844023,0.20153514,0.1251711,0.3441688,0.40502882,0.8445285,0.8581764,0.82471955,0.8807858,0.49221867,-0.32683134,-0.8043817,-0.062226493,-0.92887366,-0.12881891,0.328999,-0.11117125,-0.7531363,-0.56115335,-0.23710601,-0.24834137,0.38739237,0.51594085,0.55945814,0.52779174,0.44071078,0.71282303,-0.65264803,-0.099742636,-0.23661223,0.7525308,0.6128665,0.23502749,0.053423043,0.9188129,0.37913924,-0.107089065,0.023839151,0.7082611,-0.6161511,-0.27207386,-0.21142344,0.77558684,0.5340443,0.33654287,-0.00076725223,0.8911658,0.44275248,-0.033586204,0.09308981
86,7.167,-0.026440121,0.0,0.8301343,0.9637586,0.08657579,0.10645145,0.22878404,0.9997518,3.578302e-10,1.1706948e-08,0.0222796,1.0,0.0,-3.85186e-34,-5.2041704e-18,1.0,0.0,-3.85186e-34,-5.2041704e-18,0.96397036,-0.04550217,-0.20999716,-0.15681793,0.6271594,0.15415893,0.63878626,-0.41816056,0.8648048,0.38347492,-0.17972285,-0.26973936,-0.942976,-0.04671368,0.11939665,0.3071783,0.35027596,0.78578955,0.81542754,0.7988148,0.8185176,0.56573904,-0.24973343,-0.78308904,-0.06590937,-0.8750579,-0.22612837,0.36854997,-0.21750991,-0.83801603,-0.47702828,-0.22006764,-0.14745627,0.4491476,0.4853981,0.54472333,0.50278133,0.44186327,0.72258824,-0.64300287,-0.09909233,-0.2336542,0.75736713,0.60458994,0.24008493,0.056791253,0.9116993,0.39495283,-0.10556591,0.040895846,0.73028326,-0.5766629,-0.30000338,-0.21010524,0.7737349,0.5082918,0.37809578,0.004162313,0.88583875,0.44912457,-0.05019279,0.10515448
87,7.25,-0.02717386,0.0,0.83083826,0.97078264,0.064751945,0.08252478,0.21581915,0.99992204,-6.05145e-09,-1.3581153e-08,-0.012488732,1.0,0.0,9.62965e-35,8.6736174e-19,1.0,0.0,9.62965e-35,8.6736174e-19,0.97693706,-0.018005995,-0.17237954,-0.124719895,0.6379773,0.12847501,0.6600659,-0.37522283,0.86090994,0.38734135,-0.16917516,-0.2831617,-0.94314754,-0.08977703,0.098282374,0.3045544,0.29879838,0.73264843,0.777531,0.77527714,0.7722517,0.64490235,-0.19144244,-0.7375063,-0.059457578,-0.8232426,-0.27308023,0.39514673,-0.30258536,-0.8607783,-0.39124382,-0.2643449,-0.19002838,0.4006665,0.48527774,0.5680778,0.57859045,0.48700643,0.73830605,-0.63622516,-0.06645578,-0.2137881,0.7471618,0.6267915,0.21452072,0.05350242,0.917045,0.38553852,-0.099631004,0.021497674,0.7545335,-0.5577355,-0.2848379,-0.19615717,0.77187437,0.51150984,0.37754756,0.0050481455,0.8889513,0.43868154,-0.0517941,0.12100179
88,7.333,-0.026408501,0.0,0.832146,0.9740858,0.06545858,0.06741063,0.20573711,0.999553,-1.0751825e-09,4.4863318e-09,-0.029894812,1.0,0.0,-7.70372e-34,-3.469447e-18,1.0,0.0,-7.70372e-34,-3.469447e-18,0.98424256,-0.021286208,-0.14834155,-0.09385223,0.64967465,0.10290024,0.66734827,-0.34925738,0.85473686,0.3938473,-0.14158143,-0.30702433,-0.9445984,-0.11328234,0.09727374,0.29229918,0.2687527,0.6973355,0.75225633,0.76021636,0.7442166,0.68140954,-0.16895051,-0.7107032,-0.045141734,-0.7886146,-0.34491995,0.32041758,-0.39553747,-0.9426499,-0.081625074,-0.26786256,-0.18165398,0.33818406,0.5846123,0.63856256,0.6397938,0.5698267,0.7427259,-0.6385,-0.034220673,-0.1987586,0.75596076,0.6288072,0.17582063,0.04703119,0.9201516,0.3812807,-0.08373879,0.030559488,0.75354314,-0.57021314,-0.2730054,-0.18027125,0.77796894,0.5045859,0.37413555,0.013415183,0.89467406,0.42784166,-0.053073544,0.117017284
89,7.417,-0.025383813,0.0,0.8336417,0.9769143,0.06790818,0.052456133,0.1956407,0.9993038,1.1651841e-09,6.691799e-09,-0.037307758,1.0,0.0,-2.311116e-33,-9.97466e-18,1.0,0.0,-2.311116e-33,-9.97466e-18,0.98868614,-0.03962458,-0.12783088,-0.067740984,0.645764,0.08556781,0.68132955,-0.33385187,0.8507328,0.3992735,-0.1364636,-0.31338802,-0.944383,-0.12303041,0.09541028,0.28965694,0.25394702,0.6764487,0.7372227,0.75162184,0.7285167,0.705009,-0.15720536,-0.6908388,-0.031474087,-0.7856885,-0.35524797,0.28487837,-0.41873226,-0.9387018,-0.12608406,-0.26131946,-0.18615542,0.3168216,0.67869467,0.7010353,0.6920027,0.6322522,0.7518626,-0.63284713,0.0048380066,-0.18488847,0.77624494,0.6171416,0.123404086,0.03676238,0.9239089,0.37492892,-0.062231567,0.044135164,0.75592214,-0.5785719,-0.25841865,-0.16448735,0.79357487,0.49554268,0.3528639,0.012783657,0.90057427,0.42222816,-0.03936721,0.09560103
90,7.5,-0.02368591,0.0,0.8354125,0.9794222,0.07405898,0.03273197,0.18486749,0.9990223,1.120404e-08,-3.9441325e-10,-0.04420852,1.0,0.0,-9.62965e-35,-4.3368087e-19,1.0,0.0,-9.62965e-35,-4.3368087e-19,0.9924297,-0.056589797,-0.10352708,-0.03410462,0.64451295,0.06365674,0.69598067,-0.3100997,0.84252465,0.40809396,-0.11693035,-0.33157033,-0.94459116,-0.13687363,0.10215419,0.28031716,0.24710105,0.66482913,0.72881883,0.7469772,0.72009355,0.7140997,-0.1498589,-0.6836131,-0.016643323,-0.7809173,-0.37732536,0.2445029,-0.43360358,-0.94965094,-0.15727209,-0.21065739,-0.17044647,0.3259159,0.60101944,0.63083446,0.642733,0.59139895,0.7695844,-0.6142363,0.04327131,-0.16905981,0.80014616,0.5948964,0.0724619,0.024771811,0.93108284,0.359589,-0.04191102,0.04498864,0.77063745,-0.5747623,-0.23267022,-0.14707406,0.8198985,0.47648078,0.3172911,0.007672026,0.9013037,0.42626083,-0.02018189,0.07447199
91,7.583,-0.022265572,0.0,0.8373827,0.9800933,0.084481604,0.012877644,0.17920426,0.99933505,-1.3276904e-08,1.1518348e-09,-0.036462136,1.0,0.0,-3.85186e-34,-2.3852448e-18,1.0,0.0,-3.85186e-34,-2.3852448e-18,0.9939596,-0.0749791,-0.07901098,-0.013403978,0.64213806,0.052854545,0.70725316,-0.2909606,0.85705745,0.38730735,-0.07592421,-0.3311813,-0.9631254,-0.1375233,0.07556414,0.21855639,0.25959283,0.67136675,0.7060019,0.70969164,0.6776254,0.712613,-0.1597071,-0.682943,-0.016287355,-0.7866476,-0.39038628,0.21666689,-0.42642647,-0.91701823,-0.24431467,-0.19795045,-0.24536403,0.3318809,0.59203297,0.6035768,0.6039207,0.55049133,0.78072,-0.6003808,0.07336248,-0.15696222,0.81634796,0.5760062,0.039024837,0.016432049,0.9338241,0.35409084,-0.027593872,0.04278734,0.77896065,-0.57507825,-0.21253182,-0.1316647,0.83546376,0.463554,0.29515088,0.001988507,0.89928925,0.4336527,-0.0051701074,0.056545738
92,7.667,-0.02219862,0.0,0.83877283,0.9799844,0.090449564,0.0018004457,0.17733066,0.99950457,-4.6911732e-09,4.9068114e-09,-0.03147437,1.0,0.0,7.70372e-34,1.1655173e-17,1.0,0.0,7.70372e-34,1.1655173e-17,0.9937965,-0.086549655,-0.06863153,-0.012934138,0.6399263,0.048700914,0.7137145,-0.2805961,0.8847126,0.34850627,-0.035641182,-0.30750084,-0.95741844,-0.17740622,0.0821759,0.2124244,0.27852115,0.68109876,0.6878258,0.6791458,0.6429615,0.711565,-0.16659942,-0.68238974,-0.016250202,-0.79371935,-0.39121535,0.20900017,-0.416268,-0.9018341,-0.2863496,-0.17570402,-0.27171192,0.32785207,0.60365105,0.5982765,0.5809957,0.5371433,0.7842921,-0.59563744,0.08559677,-0.15091427,0.8219583,0.56864303,0.02906153,0.01360664,0.9350642,0.35171735,-0.022861145,0.03777907,0.7809488,-0.5778449,-0.20226341,-0.123708,0.841244,0.46185517,0.28103036,-0.0045031942,0.9005273,0.43256667,0.007653922,0.043336328
93,7.75,-0.02257085,0.0,0.83957493,0.98003113,0.09305272,-0.0068142326,0.17559525,0.9995183,2.259972e-09,2.8034606e-09,-0.031036248,1.0,0.0,-1.540744e-33,-9.81203e-18,1.0,0.0,-1.540744e-33,-9.81203e-18,0.9935346,-0.09410984,-0.062005043,-0.013697008,0.636085,0.045116886,0.72220033,-0.26793113,0.8924597,0.33711147,-0.026694994,-0.29859495,-0.9548631,-0.19040243,0.08246825,0.21256149,0.29346186,0.68873733,0.6761644,0.6604924,0.62097925,0.7149384,-0.16768135,-0.678636,-0.014115321,-0.7998398,-0.38950124,0.19919032,-0.41093588,-0.8890008,-0.31362268,-0.17206977,-0.28585044,0.3321514,0.595715,0.59755516,0.55989736,0.51798254,0.78803194,-0.5901596,0.09656802,-0.14625974,0.825606,0.5638297,0.018736273,0.010941471,0.93680996,0.3477718,-0.018063163,0.033401337,0.7826712,-0.57912964,-0.19543,-0.11765109,0.84293926,0.46253213,0.27468592,-0.008064664,0.9026148,0.42867655,0.013970627,0.036438644
94,7.833,-0.023806334,0.0,0.8398623,0.9801796,0.09477601,-0.013062764,0.17347863,0.99950796,-3.771514e-09,1.7541772e-09,-0.0313653,1.0,0.0,2.311116e-33,1.2793586e-17,1.0,0.0,2.311116e-33,1.2793586e-17,0.9933152,-0.099339426,-0.05782387,-0.010626246,0.63624144,0.0409976,0.7257384,-0.25849527,0.8950747,0.331865,-0.017743532,-0.29730797,-0.9531597,-0.19804348,0.08408871,0.2125898,0.30314776,0.69367373,0.6693619,0.6503717,0.6083684,0.7150505,-0.1674305,-0.6786481,-0.010320581,-0.7996382,-0.3935499,0.19422437,-0.40984648,-0.8880345,-0.32191008,-0.1709055,-0.28028533,0.33070853,0.5892715,0.60136783,0.5460639,0.49265653,0.78733844,-0.5918989,0.09927796,-0.14105958,0.81925875,0.5730089,0.019269448,0.010224127,0.93909425,0.3423718,-0.017215028,0.024233067,0.7800319,-0.58531916,-0.19092906,-0.11179328,0.83926153,0.47303423,0.26773003,-0.0141180055,0.9056052,0.42271218,0.022386428,0.026315881
95,7.917,-0.026146352,0.0,0.840195,0.9800752,0.097241275,-0.015948825,0.17245989,0.99938166,6.363621e-10,2.934158e-10,-0.035160452,1.0,0.0,4.814825e-35,2.1684043e-19,1.0,0.0,4.814825e-35,2.1684043e-19,0.99240357,-0.10615792,-0.06014105,-0.015769053,0.6368501,0.035460558,0.7277421,-0.252103,0.8980021,0.32693526,-0.011702843,-0.2942254,-0.9506787,-0.21207362,0.09487308,0.20550892,0.28101358,0.7016005,0.67161644,0.64552695,0.6194566,0.716067,-0.16594051,-0.6780048,-0.0046095215,-0.80078036,-0.39329353,0.19274922,-0.4085569,-0.88616556,-0.32801488,-0.17482774,-0.27668047,0.3293639,0.59320134,0.60206664,0.5413817,0.48436105,0.78629255,-0.5939253,0.099037334,-0.13852206,0.81517357,0.5789236,0.016914936,0.007304507,0.9415268,0.33622357,-0.012547538,0.017989548,0.779072,-0.5866583,-0.19267195,-0.10842688,0.83881027,0.47369373,0.2678327,-0.016651042,0.90699124,0.41951627,0.026256826,0.026144853
