frame,timestamp_ms,vrm_bone,rot_x,rot_y,rot_z,rot_w
0,0,hips,0.10853,0.17935,0.01802,0.97761
0,0,spine,0.0,-0.02047,-0.0,0.99979
0,0,chest,0.0,-0.0,0.0,1.0
0,0,neck,0.0,-0.0,0.0,1.0
0,0,head,-0.114,-0.01262,0.07131,0.99084
0,0,leftUpperArm,0.04157,-0.25338,-0.72101,0.64359
0,0,leftLowerArm,0.31625,-0.29284,0.00642,0.90232
0,0,leftHand,-0.29075,0.26794,-0.131,-0.90913
0,0,rightUpperArm,-0.18907,-0.01382,0.67691,0.71123
0,0,rightLowerArm,0.38504,0.39504,0.20647,0.80812
0,0,rightHand,0.25114,0.17388,-0.18792,0.93348
0,0,leftUpperLeg,-0.58129,-0.14534,-0.09137,0.79538
0,0,leftLowerLeg,0.55188,0.02142,-0.05254,0.83199
0,0,leftFoot,0.35474,0.00867,0.04161,0.934
0,0,rightUpperLeg,-0.56895,-0.11186,0.20216,0.78925
0,0,rightLowerLeg,0.43924,-0.00045,-0.30572,0.84475
0,0,rightFoot,0.41886,0.01406,0.00414,0.90793
1,83,hips,0.10555,0.17668,0.01684,0.97845
1,83,spine,0.0,-0.02464,0.0,0.9997
1,83,chest,0.0,-0.0,0.0,1.0
1,83,neck,0.0,-0.0,0.0,1.0
1,83,head,-0.11007,-0.01209,0.0741,0.99108
1,83,leftUpperArm,0.03869,-0.24972,-0.72083,0.6454
1,83,leftLowerArm,0.32308,-0.2985,0.01201,0.89798
1,83,leftHand,-0.26727,0.25567,-0.13008,-0.91993
1,83,rightUpperArm,-0.18217,-0.00729,0.67868,0.71144
1,83,rightLowerArm,0.38995,0.40075,0.19884,0.80486
1,83,rightHand,0.33498,0.1827,-0.17052,0.90848
1,83,leftUpperLeg,-0.58245,-0.14356,-0.09357,0.7946
1,83,leftLowerLeg,0.55703,0.0199,-0.04512,0.82902
1,83,leftFoot,0.34671,0.00651,0.03818,0.93717
1,83,rightUpperLeg,-0.57363,-0.11005,0.20358,0.78574
1,83,rightLowerLeg,0.44884,-0.002,-0.30405,0.84029
1,83,rightFoot,0.41875,0.01291,0.00192,0.90801
2,167,hips,0.09638,0.17539,0.01452,0.97966
2,167,spine,-0.0,-0.02819,0.0,0.9996
2,167,chest,0.0,-0.0,0.0,1.0
2,167,neck,0.0,-0.0,0.0,1.0
2,167,head,-0.09885,-0.01707,0.07899,0.99182
2,167,leftUpperArm,0.04223,-0.24478,-0.7231,0.64454
2,167,leftLowerArm,0.33297,-0.30355,0.02578,0.89237
2,167,leftHand,-0.24588,0.25209,-0.12498,-0.92756
2,167,rightUpperArm,-0.17216,-0.00603,0.67967,0.713
2,167,rightLowerArm,0.38992,0.40358,0.19163,0.80521
2,167,rightHand,0.34895,0.21582,-0.16264,0.89733
2,167,leftUpperLeg,-0.57818,-0.14368,-0.09661,0.79732
2,167,leftLowerLeg,0.56058,0.01736,-0.0347,0.82719
2,167,leftFoot,0.34282,0.00437,0.03267,0.93882
2,167,rightUpperLeg,-0.57236,-0.11252,0.20182,0.78677
2,167,rightLowerLeg,0.45694,-0.00562,-0.29415,0.83944
2,167,rightFoot,0.41805,0.02311,-0.00511,0.90812
3,250,hips,0.09773,0.17481,0.01371,0.97964
3,250,spine,0.0,-0.02149,-0.0,0.99977
3,250,chest,0.0,-0.0,0.0,1.0
3,250,neck,0.0,-0.0,0.0,1.0
3,250,head,-0.08761,-0.00382,0.07256,0.9935
3,250,leftUpperArm,0.04622,-0.24897,-0.72374,0.64194
3,250,leftLowerArm,0.34017,-0.30792,0.0338,0.88788
3,250,leftHand,-0.23249,0.25309,-0.12545,-0.93067
3,250,rightUpperArm,-0.17728,-0.00653,0.67959,0.71182
3,250,rightLowerArm,0.38679,0.4006,0.20047,0.80606
3,250,rightHand,0.38619,0.23189,-0.19018,0.87231
3,250,leftUpperLeg,-0.58084,-0.1435,-0.09731,0.79533
3,250,leftLowerLeg,0.56226,0.01418,-0.02758,0.82638
3,250,leftFoot,0.34067,0.01116,0.02603,0.93976
3,250,rightUpperLeg,-0.57921,-0.11132,0.20158,0.78198
3,250,rightLowerLeg,0.46435,-0.00794,-0.29054,0.8366
3,250,rightFoot,0.41589,0.03041,-0.00902,0.90886
4,333,hips,0.09883,0.17485,0.01433,0.97952
4,333,spine,-0.0,-0.01189,-0.0,0.99993
4,333,chest,0.0,-0.0,0.0,1.0
4,333,neck,0.0,-0.0,0.0,1.0
4,333,head,-0.07768,0.01831,0.06348,0.99479
4,333,leftUpperArm,0.05272,-0.24904,-0.72523,0.63972
4,333,leftLowerArm,0.34538,-0.312,0.03773,0.88427
4,333,leftHand,-0.21613,0.26104,-0.12882,-0.93196
4,333,rightUpperArm,-0.18458,-0.01163,0.67728,0.7121
4,333,rightLowerArm,0.37893,0.39345,0.21286,0.81012
4,333,rightHand,0.39195,0.24053,-0.21101,0.86255
4,333,leftUpperLeg,-0.58271,-0.14317,-0.09909,0.79381
4,333,leftLowerLeg,0.55956,0.01273,-0.02387,0.82835
4,333,leftFoot,0.34555,0.009,0.02325,0.93807
4,333,rightUpperLeg,-0.5827,-0.11073,0.19849,0.78026
4,333,rightLowerLeg,0.46681,-0.01018,-0.28401,0.83745
4,333,rightFoot,0.41704,0.02926,-0.01387,0.90831
5,417,hips,0.1043,0.17864,0.01498,0.97826
5,417,spine,-0.0,0.00054,-0.0,1.0
5,417,chest,0.0,-0.0,0.0,1.0
5,417,neck,0.0,-0.0,0.0,1.0
5,417,head,-0.06379,0.05178,0.03913,0.99585
5,417,leftUpperArm,0.06065,-0.25859,-0.72361,0.63705
5,417,leftLowerArm,0.34808,-0.31555,0.03767,0.88196
5,417,leftHand,-0.19954,0.27271,-0.14514,-0.92992
5,417,rightUpperArm,-0.19952,-0.01805,0.67372,0.71131
5,417,rightLowerArm,0.36661,0.3821,0.23685,0.81455
5,417,rightHand,0.41122,0.24048,-0.24034,0.84576
5,417,leftUpperLeg,-0.58874,-0.14511,-0.09294,0.78974
5,417,leftLowerLeg,0.56017,0.01555,-0.03844,0.82734
5,417,leftFoot,0.35883,0.01693,0.02882,0.9328
5,417,rightUpperLeg,-0.58863,-0.11069,0.20372,0.77444
5,417,rightLowerLeg,0.46636,-0.00792,-0.29626,0.83347
5,417,rightFoot,0.41934,0.03493,-0.00931,0.90711
6,500,hips,0.1106,0.18202,0.01442,0.97695
6,500,spine,-0.0,0.01198,-0.0,0.99993
6,500,chest,0.0,-0.0,0.0,1.0
6,500,neck,0.0,-0.0,0.0,1.0
6,500,head,-0.05203,0.07802,0.0168,0.99545
6,500,leftUpperArm,0.06692,-0.26937,-0.72073,0.63522
6,500,leftLowerArm,0.34853,-0.31739,0.03415,0.88127
6,500,leftHand,-0.17598,0.27608,-0.16479,-0.93041
6,500,rightUpperArm,-0.21389,-0.02181,0.66874,0.71173
6,500,rightLowerArm,0.34693,0.36632,0.26641,0.82126
6,500,rightHand,0.43153,0.23879,-0.26722,0.82786
6,500,leftUpperLeg,-0.59192,-0.14815,-0.09048,0.78708
6,500,leftLowerLeg,0.55137,0.01502,-0.04123,0.83311
6,500,leftFoot,0.37122,0.02246,0.02783,0.92786
6,500,rightUpperLeg,-0.59404,-0.11131,0.2059,0.76963
6,500,rightLowerLeg,0.46401,-0.00703,-0.30051,0.83327
6,500,rightFoot,0.42151,0.03943,-0.00855,0.90593
7,583,hips,0.10816,0.18439,0.01305,0.9768
7,583,spine,0.0,0.02128,0.0,0.99977
7,583,chest,0.0,-0.0,0.0,1.0
7,583,neck,0.0,-0.0,0.0,1.0
7,583,head,-0.03261,0.10126,0.00083,0.99432
7,583,leftUpperArm,0.07688,-0.26905,-0.71913,0.63605
7,583,leftLowerArm,0.35626,-0.32529,0.0404,0.87501
7,583,leftHand,-0.16036,0.28092,-0.16092,-0.93246
7,583,rightUpperArm,-0.21997,-0.03179,0.66644,0.71166
7,583,rightLowerArm,0.34221,0.36346,0.27635,0.82123
7,583,rightHand,0.41323,0.227,-0.30726,0.82662
7,583,leftUpperLeg,-0.59263,-0.15037,-0.0891,0.78628
7,583,leftLowerLeg,0.54619,0.01481,-0.04252,0.83645
7,583,leftFoot,0.38367,0.02113,0.02729,0.92283
7,583,rightUpperLeg,-0.59367,-0.11462,0.20519,0.76962
7,583,rightLowerLeg,0.45993,-0.0059,-0.29853,0.83625
7,583,rightFoot,0.43138,0.03964,-0.00984,0.90125
8,667,hips,0.11016,0.18845,0.00905,0.97584
8,667,spine,-0.0,0.0273,0.0,0.99963
8,667,chest,0.0,0.0,0.0,1.0
8,667,neck,0.0,0.0,0.0,1.0
8,667,head,-0.01593,0.10848,-0.01227,0.99389
8,667,leftUpperArm,0.08303,-0.27347,-0.71567,0.63729
8,667,leftLowerArm,0.36153,-0.33027,0.04127,0.87093
8,667,leftHand,-0.15583,0.27588,-0.15717,-0.93536
8,667,rightUpperArm,-0.22794,-0.04052,0.66216,0.7127
8,667,rightLowerArm,0.33423,0.36079,0.29242,0.82013
8,667,rightHand,0.42947,0.20651,-0.34682,0.80785
8,667,leftUpperLeg,-0.59526,-0.15527,-0.08315,0.784
8,667,leftLowerLeg,0.54374,0.0141,-0.04633,0.83785
8,667,leftFoot,0.39101,0.02468,0.02608,0.91968
8,667,rightUpperLeg,-0.59474,-0.11886,0.21007,0.76683
8,667,rightLowerLeg,0.45548,-0.0043,-0.30321,0.83701
8,667,rightFoot,0.43581,0.04592,-0.00831,0.89883
9,750,hips,0.1114,0.19394,0.00353,0.97466
9,750,spine,-0.0,0.03081,-0.0,0.99953
9,750,chest,0.0,-0.0,-0.0,1.0
9,750,neck,0.0,-0.0,-0.0,1.0
9,750,head,-0.00963,0.11187,-0.01667,0.99354
9,750,leftUpperArm,0.08907,-0.28146,-0.71105,0.63816
9,750,leftLowerArm,0.3609,-0.32832,0.05088,0.87142
9,750,leftHand,-0.12151,0.28448,-0.12592,-0.94258
9,750,rightUpperArm,-0.23423,-0.04556,0.65565,0.71637
9,750,rightLowerArm,0.32524,0.36211,0.31027,0.8166
9,750,rightHand,0.43187,0.19758,-0.35049,0.80723
9,750,leftUpperLeg,-0.61109,-0.15909,-0.06623,0.77257
9,750,leftLowerLeg,0.55234,0.01648,-0.06816,0.83066
9,750,leftFoot,0.40739,0.02708,0.03035,0.91235
9,750,rightUpperLeg,-0.60559,-0.12326,0.21762,0.75546
9,750,rightLowerLeg,0.46382,-0.00457,-0.3106,0.82968
9,750,rightFoot,0.44374,0.05494,-0.00855,0.89443
10,833,hips,0.11416,0.19895,-0.00392,0.97333
10,833,spine,0.0,0.03227,-0.0,0.99948
10,833,chest,0.0,0.0,0.0,1.0
10,833,neck,0.0,0.0,0.0,1.0
10,833,head,0.00284,0.1098,-0.01953,0.99376
10,833,leftUpperArm,0.09283,-0.2887,-0.70653,0.63942
10,833,leftLowerArm,0.36348,-0.32845,0.0526,0.87019
10,833,leftHand,-0.10701,0.283,-0.11526,-0.94614
10,833,rightUpperArm,-0.24016,-0.0511,0.6523,0.71709
10,833,rightLowerArm,0.32098,0.36587,0.3295,0.80904
10,833,rightHand,0.40714,0.21824,-0.27396,0.84354
10,833,leftUpperLeg,-0.617,-0.16552,-0.0524,0.76757
10,833,leftLowerLeg,0.55302,0.01641,-0.07924,0.82923
10,833,leftFoot,0.41774,0.03382,0.03029,0.90743
10,833,rightUpperLeg,-0.61434,-0.12883,0.22264,0.74594
10,833,rightLowerLeg,0.47139,-0.0055,-0.31327,0.82439
10,833,rightFoot,0.44643,0.06626,-0.00887,0.89232
11,917,hips,0.11198,0.20399,-0.01625,0.97241
11,917,spine,-0.0,0.0402,-0.0,0.99919
11,917,chest,0.0,0.0,-0.0,1.0
11,917,neck,0.0,0.0,-0.0,1.0
11,917,head,0.00545,0.10822,-0.01233,0.99404
11,917,leftUpperArm,0.10455,-0.296,-0.69837,0.64322
11,917,leftLowerArm,0.3702,-0.33166,0.0683,0.86504
11,917,leftHand,-0.10048,0.23479,-0.05904,-0.96503
11,917,rightUpperArm,-0.24807,-0.05963,0.65891,0.70763
11,917,rightLowerArm,0.32382,0.37036,0.34426,0.79966
11,917,rightHand,0.37351,0.21974,-0.16728,0.88556
11,917,leftUpperLeg,-0.62083,-0.17421,-0.03156,0.76369
11,917,leftLowerLeg,0.55692,0.01686,-0.0947,0.82497
11,917,leftFoot,0.42076,0.0314,0.03181,0.90607
11,917,rightUpperLeg,-0.61329,-0.13831,0.23706,0.74064
11,917,rightLowerLeg,0.47122,-0.00301,-0.32554,0.81973
11,917,rightFoot,0.44799,0.07089,-0.00311,0.89122
12,1000,hips,0.09807,0.20987,-0.03219,0.97227
12,1000,spine,0.0,0.04163,-0.0,0.99913
12,1000,chest,0.0,-0.0,0.0,1.0
12,1000,neck,0.0,-0.0,0.0,1.0
12,1000,head,0.01419,0.0964,0.009,0.9952
12,1000,leftUpperArm,0.11964,-0.32633,-0.68007,0.64553
12,1000,leftLowerArm,0.39602,-0.34891,0.10921,0.84232
12,1000,leftHand,-0.02905,0.17738,-0.00753,-0.98368
12,1000,rightUpperArm,-0.24613,-0.05697,0.68052,0.68779
12,1000,rightLowerArm,0.3165,0.3599,0.37314,0.7944
12,1000,rightHand,0.3847,0.189,-0.13929,0.89268
12,1000,leftUpperLeg,-0.62121,-0.18529,-0.00369,0.76141
12,1000,leftLowerLeg,0.56637,0.02298,-0.12486,0.81431
12,1000,leftFoot,0.42847,0.03562,0.04268,0.90184
12,1000,rightUpperLeg,-0.60639,-0.15375,0.25357,0.7378
12,1000,rightLowerLeg,0.47613,-0.00119,-0.33803,0.81181
12,1000,rightFoot,0.45871,0.07596,0.00265,0.88533
13,1083,hips,0.07977,0.21234,-0.04589,0.97285
13,1083,spine,-0.0,0.05385,0.0,0.99855
13,1083,chest,0.0,0.0,0.0,1.0
13,1083,neck,0.0,0.0,0.0,1.0
13,1083,head,0.0392,0.09069,0.03445,0.99451
13,1083,leftUpperArm,0.14424,-0.34174,-0.66978,0.64327
13,1083,leftLowerArm,0.39699,-0.3406,0.13438,0.84162
13,1083,leftHand,-0.03715,0.19958,-0.01428,-0.97907
13,1083,rightUpperArm,-0.24911,-0.06308,0.71103,0.65452
13,1083,rightLowerArm,0.332,0.35584,0.37344,0.78975
13,1083,rightHand,0.33907,0.12475,-0.19696,0.91142
13,1083,leftUpperLeg,-0.61651,-0.1946,0.01199,0.76282
13,1083,leftLowerLeg,0.57078,0.03004,-0.14225,0.80813
13,1083,leftFoot,0.43307,0.04912,0.05291,0.89846
13,1083,rightUpperLeg,-0.60002,-0.16808,0.25946,0.73784
13,1083,rightLowerLeg,0.48973,-0.00011,-0.34089,0.80247
13,1083,rightFoot,0.46035,0.08585,0.00781,0.88354
14,1167,hips,0.07422,0.21238,-0.05543,0.97279
14,1167,spine,0.0,0.06509,-0.0,0.99788
14,1167,chest,0.0,-0.0,-0.0,1.0
14,1167,neck,0.0,-0.0,-0.0,1.0
14,1167,head,0.03586,0.08849,0.054,0.99397
14,1167,leftUpperArm,0.16332,-0.36651,-0.67522,0.61893
14,1167,leftLowerArm,0.4056,-0.31516,0.18762,0.83723
14,1167,leftHand,0.00775,0.20699,0.0122,-0.97824
14,1167,rightUpperArm,-0.26225,-0.05329,0.75122,0.60337
14,1167,rightLowerArm,0.34664,0.32926,0.33765,0.81081
14,1167,rightHand,0.32625,0.10603,-0.22078,0.91301
14,1167,leftUpperLeg,-0.61598,-0.20061,0.01034,0.76172
14,1167,leftLowerLeg,0.57524,0.03454,-0.13932,0.8053
14,1167,leftFoot,0.43248,0.04664,0.05913,0.89849
14,1167,rightUpperLeg,-0.60125,-0.17565,0.25485,0.73668
14,1167,rightLowerLeg,0.50167,-0.00075,-0.33097,0.79924
14,1167,rightFoot,0.4582,0.07714,0.00864,0.88545
15,1250,hips,0.07009,0.20802,-0.06382,0.97352
15,1250,spine,-0.0,0.07834,-0.0,0.99693
15,1250,chest,0.0,0.0,0.0,1.0
15,1250,neck,0.0,0.0,0.0,1.0
15,1250,head,0.02948,0.10175,0.06549,0.99221
15,1250,leftUpperArm,0.17838,-0.39928,-0.67511,0.59412
15,1250,leftLowerArm,0.40698,-0.28341,0.23348,0.83638
15,1250,leftHand,0.03621,0.21106,0.01965,-0.9766
15,1250,rightUpperArm,-0.27348,-0.03753,0.77918,0.56274
15,1250,rightLowerArm,0.34396,0.30156,0.31844,0.83027
15,1250,rightHand,0.26507,0.16223,-0.18569,0.93217
15,1250,leftUpperLeg,-0.62891,-0.20229,-0.00918,0.75065
15,1250,leftLowerLeg,0.60645,0.02979,-0.10546,0.78753
15,1250,leftFoot,0.40696,0.04014,0.04961,0.91122
15,1250,rightUpperLeg,-0.61625,-0.17805,0.24534,0.72687
15,1250,rightLowerLeg,0.53441,-0.0076,-0.31136,0.78575
15,1250,rightFoot,0.43985,0.0666,0.00164,0.8956
16,1333,hips,0.06371,0.20653,-0.07749,0.97328
16,1333,spine,-0.0,0.11323,0.0,0.99357
16,1333,chest,0.0,0.0,0.0,1.0
16,1333,neck,0.0,0.0,0.0,1.0
16,1333,head,0.00529,0.07851,0.09488,0.99237
16,1333,leftUpperArm,0.20838,-0.449,-0.65464,0.57134
16,1333,leftLowerArm,0.37258,-0.24405,0.22095,0.86764
16,1333,leftHand,0.02617,0.22667,-0.00907,-0.97358
16,1333,rightUpperArm,-0.30694,0.00919,0.79763,0.51913
16,1333,rightLowerArm,0.18526,0.18082,0.3121,0.9141
16,1333,rightHand,0.38287,0.23744,-0.15857,0.87857
16,1333,leftUpperLeg,-0.63037,-0.20941,-0.00921,0.74746
16,1333,leftLowerLeg,0.61855,0.03035,-0.09501,0.77939
16,1333,leftFoot,0.395,0.04162,0.04938,0.91641
16,1333,rightUpperLeg,-0.62294,-0.18844,0.22733,0.7244
16,1333,rightLowerLeg,0.54863,-0.01458,-0.27075,0.79088
16,1333,rightFoot,0.42611,0.05623,-0.01376,0.90282
17,1417,hips,0.07493,0.21387,-0.09293,0.96954
17,1417,spine,0.0,0.16122,0.0,0.98692
17,1417,chest,0.0,-0.0,0.0,1.0
17,1417,neck,0.0,-0.0,0.0,1.0
17,1417,head,-0.03277,0.01249,0.11409,0.99285
17,1417,leftUpperArm,0.24051,-0.48778,-0.63181,0.55231
17,1417,leftLowerArm,0.35088,-0.22745,0.20933,0.88393
17,1417,leftHand,0.01126,0.25226,-0.03384,-0.967
17,1417,rightUpperArm,-0.36659,0.03614,0.7965,0.47947
17,1417,rightLowerArm,0.04677,0.08686,0.28549,0.95329
17,1417,rightHand,0.52561,0.21317,-0.16488,0.80691
17,1417,leftUpperLeg,-0.63847,-0.22372,-0.00099,0.73641
17,1417,leftLowerLeg,0.6244,0.03059,-0.09615,0.77456
17,1417,leftFoot,0.39334,0.04492,0.04984,0.91694
17,1417,rightUpperLeg,-0.64199,-0.20202,0.20805,0.70976
17,1417,rightLowerLeg,0.56738,-0.02238,-0.23635,0.78849
17,1417,rightFoot,0.41569,0.06162,-0.02615,0.90704
18,1500,hips,0.09311,0.23325,-0.10525,0.96221
18,1500,spine,0.0,0.19913,-0.0,0.97997
18,1500,chest,0.0,-0.0,0.0,1.0
18,1500,neck,0.0,-0.0,0.0,1.0
18,1500,head,-0.06508,-0.07718,0.1214,0.98746
18,1500,leftUpperArm,0.26853,-0.52874,-0.60756,0.52838
18,1500,leftLowerArm,0.33399,-0.21508,0.20037,0.89557
18,1500,leftHand,0.00762,0.279,-0.05253,-0.95882
18,1500,rightUpperArm,-0.42814,0.04464,0.78592,0.4439
18,1500,rightLowerArm,-0.00267,0.04935,0.24838,0.9674
18,1500,rightHand,0.57336,0.24215,-0.16604,0.76489
18,1500,leftUpperLeg,-0.63055,-0.24563,0.01829,0.73603
18,1500,leftLowerLeg,0.61191,0.03437,-0.12105,0.78086
18,1500,leftFoot,0.3883,0.04185,0.06089,0.91857
18,1500,rightUpperLeg,-0.65131,-0.2212,0.19899,0.69805
18,1500,rightLowerLeg,0.56706,-0.0221,-0.22949,0.79075
18,1500,rightFoot,0.41583,0.06635,-0.02449,0.90669
19,1583,hips,0.1035,0.24317,-0.11906,0.95707
19,1583,spine,0.0,0.22221,-0.0,0.975
19,1583,chest,0.0,0.0,-0.0,1.0
19,1583,neck,0.0,0.0,-0.0,1.0
19,1583,head,-0.07624,-0.13334,0.12739,0.97989
19,1583,leftUpperArm,0.28731,-0.54486,-0.59501,0.51627
19,1583,leftLowerArm,0.32281,-0.21263,0.16311,0.90773
19,1583,leftHand,-0.02636,0.27794,-0.09616,-0.95541
19,1583,rightUpperArm,-0.46431,0.06337,0.77365,0.42645
19,1583,rightLowerArm,-0.02969,0.03231,0.2179,0.97498
19,1583,rightHand,0.58234,0.26584,-0.14441,0.75456
19,1583,leftUpperLeg,-0.62816,-0.26035,0.03579,0.73236
19,1583,leftLowerLeg,0.61099,0.03509,-0.13468,0.77931
19,1583,leftFoot,0.37568,0.03905,0.06626,0.92355
19,1583,rightUpperLeg,-0.65791,-0.23524,0.19726,0.68768
19,1583,rightLowerLeg,0.57306,-0.02552,-0.21987,0.78906
19,1583,rightFoot,0.41652,0.08062,-0.02864,0.90509
20,1667,hips,0.10587,0.25101,-0.13433,0.95275
20,1667,spine,0.0,0.23926,-0.0,0.97096
20,1667,chest,0.0,-0.0,0.0,1.0
20,1667,neck,0.0,-0.0,0.0,1.0
20,1667,head,-0.07707,-0.17564,0.13433,0.9722
20,1667,leftUpperArm,0.30757,-0.55647,-0.58434,0.50427
20,1667,leftLowerArm,0.31763,-0.20448,0.15241,0.91327
20,1667,leftHand,-0.05137,0.27461,-0.12046,-0.9526
20,1667,rightUpperArm,-0.48947,0.06271,0.76562,0.41268
20,1667,rightLowerArm,-0.04696,0.02077,0.20341,0.97775
20,1667,rightHand,0.57858,0.29033,-0.15275,0.74674
20,1667,leftUpperLeg,-0.61779,-0.27479,0.05321,0.73485
20,1667,leftLowerLeg,0.59862,0.03647,-0.14478,0.787
20,1667,leftFoot,0.37083,0.04301,0.07098,0.92499
20,1667,rightUpperLeg,-0.65925,-0.24942,0.20321,0.67962
20,1667,rightLowerLeg,0.57367,-0.02551,-0.21885,0.78889
20,1667,rightFoot,0.4187,0.08969,-0.02886,0.90322
21,1750,hips,0.11161,0.26124,-0.1437,0.94797
21,1750,spine,-0.0,0.24851,-0.0,0.96863
21,1750,chest,0.0,-0.0,0.0,1.0
21,1750,neck,0.0,-0.0,0.0,1.0
21,1750,head,-0.07699,-0.20254,0.13589,0.96674
21,1750,leftUpperArm,0.32117,-0.53271,-0.59065,0.51401
21,1750,leftLowerArm,0.32668,-0.21346,0.14298,0.90955
21,1750,leftHand,-0.08015,0.28376,-0.15037,-0.94363
21,1750,rightUpperArm,-0.5099,0.06123,0.75837,0.4014
21,1750,rightLowerArm,-0.05111,0.01694,0.1969,0.97894
21,1750,rightHand,0.57387,0.29524,-0.16664,0.74548
21,1750,leftUpperLeg,-0.60948,-0.28793,0.062,0.73606
21,1750,leftLowerLeg,0.59598,0.03541,-0.14944,0.78818
21,1750,leftFoot,0.36064,0.04982,0.07237,0.92856
21,1750,rightUpperLeg,-0.66082,-0.26056,0.21013,0.67177
21,1750,rightLowerLeg,0.57791,-0.0244,-0.2295,0.78279
21,1750,rightFoot,0.41601,0.09798,-0.02367,0.90375
22,1833,hips,0.12411,0.27086,-0.15297,0.94225
22,1833,spine,0.0,0.25195,-0.0,0.96774
22,1833,chest,0.0,-0.0,0.0,1.0
22,1833,neck,0.0,-0.0,0.0,1.0
22,1833,head,-0.08519,-0.21092,0.13244,0.96474
22,1833,leftUpperArm,0.32394,-0.52306,-0.59064,0.52212
22,1833,leftLowerArm,0.32967,-0.21514,0.15002,0.90693
22,1833,leftHand,-0.10026,0.30258,-0.15907,-0.93439
22,1833,rightUpperArm,-0.52756,0.06683,0.75108,0.39126
22,1833,rightLowerArm,-0.07541,0.00363,0.19777,0.97734
22,1833,rightHand,0.5937,0.30718,-0.17823,0.72207
22,1833,leftUpperLeg,-0.60599,-0.29961,0.07267,0.7333
22,1833,leftLowerLeg,0.57957,0.03497,-0.15464,0.79935
22,1833,leftFoot,0.36106,0.06992,0.07203,0.92712
22,1833,rightUpperLeg,-0.66596,-0.26875,0.22074,0.65995
22,1833,rightLowerLeg,0.57395,-0.02109,-0.24429,0.78132
22,1833,rightFoot,0.41232,0.10396,-0.01658,0.90494
23,1917,hips,0.1306,0.27727,-0.15984,0.93836
23,1917,spine,-0.0,0.2522,-0.0,0.96768
23,1917,chest,0.0,0.0,0.0,1.0
23,1917,neck,0.0,0.0,0.0,1.0
23,1917,head,-0.08815,-0.21004,0.13222,0.96469
23,1917,leftUpperArm,0.32664,-0.51346,-0.59257,0.52776
23,1917,leftLowerArm,0.33243,-0.2157,0.15384,0.90515
23,1917,leftHand,-0.10308,0.32177,-0.16219,-0.92711
23,1917,rightUpperArm,-0.53685,0.06603,0.74843,0.38378
23,1917,rightLowerArm,-0.08358,-0.00078,0.20302,0.9756
23,1917,rightHand,0.60273,0.31701,-0.18456,0.70863
23,1917,leftUpperLeg,-0.59993,-0.30751,0.08297,0.73392
23,1917,leftLowerLeg,0.57461,0.0358,-0.16386,0.80105
23,1917,leftFoot,0.35614,0.09107,0.07509,0.92695
23,1917,rightUpperLeg,-0.66724,-0.27474,0.22941,0.65321
23,1917,rightLowerLeg,0.57317,-0.01934,-0.2558,0.77825
23,1917,rightFoot,0.40615,0.10816,-0.01115,0.90731
24,2000,hips,0.13412,0.28067,-0.16588,0.9358
24,2000,spine,-0.0,0.25368,0.0,0.96729
24,2000,chest,0.0,-0.0,-0.0,1.0
24,2000,neck,0.0,-0.0,-0.0,1.0
24,2000,head,-0.08802,-0.21313,0.12682,0.96475
24,2000,leftUpperArm,0.32959,-0.51327,-0.5909,0.52798
24,2000,leftLowerArm,0.33897,-0.21773,0.15791,0.90153
24,2000,leftHand,-0.10165,0.31949,-0.16198,-0.92809
24,2000,rightUpperArm,-0.54361,0.06712,0.747,0.37679
24,2000,rightLowerArm,-0.08664,-0.00318,0.20093,0.97576
24,2000,rightHand,0.58897,0.33461,-0.17774,0.71384
24,2000,leftUpperLeg,-0.59999,-0.31274,0.08946,0.73089
24,2000,leftLowerLeg,0.57607,0.03447,-0.16547,0.79974
24,2000,leftFoot,0.34988,0.1065,0.07238,0.9279
24,2000,rightUpperLeg,-0.66686,-0.27861,0.23836,0.64873
24,2000,rightLowerLeg,0.56988,-0.01834,-0.26383,0.778
24,2000,rightFoot,0.40299,0.10916,-0.00826,0.90863
25,2083,hips,0.13555,0.28256,-0.17061,0.93417
25,2083,spine,-0.0,0.25357,0.0,0.96732
25,2083,chest,0.0,0.0,0.0,1.0
25,2083,neck,0.0,0.0,0.0,1.0
25,2083,head,-0.09226,-0.20776,0.12763,0.96542
25,2083,leftUpperArm,0.33047,-0.4935,-0.59689,0.53942
25,2083,leftLowerArm,0.33626,-0.21776,0.14812,0.90419
25,2083,leftHand,-0.12749,0.33276,-0.16293,-0.92004
25,2083,rightUpperArm,-0.54668,0.06827,0.74636,0.37339
25,2083,rightLowerArm,-0.08869,-0.00402,0.20201,0.97535
25,2083,rightHand,0.59623,0.34387,-0.17699,0.70352
25,2083,leftUpperLeg,-0.60233,-0.31606,0.09506,0.72683
25,2083,leftLowerLeg,0.57593,0.0352,-0.17012,0.79883
25,2083,leftFoot,0.34776,0.11095,0.07373,0.92807
25,2083,rightUpperLeg,-0.66649,-0.28179,0.24329,0.64591
25,2083,rightLowerLeg,0.56851,-0.01797,-0.26684,0.77799
25,2083,rightFoot,0.40158,0.10896,-0.00712,0.90929
26,2167,hips,0.13755,0.28504,-0.17307,0.93267
26,2167,spine,-0.0,0.25636,0.0,0.96658
26,2167,chest,0.0,-0.0,0.0,1.0
26,2167,neck,0.0,-0.0,0.0,1.0
26,2167,head,-0.09866,-0.21272,0.12775,0.96369
26,2167,leftUpperArm,0.33231,-0.48231,-0.59926,0.54574
26,2167,leftLowerArm,0.33107,-0.21653,0.13323,0.90871
26,2167,leftHand,-0.15095,0.34298,-0.17071,-0.91128
26,2167,rightUpperArm,-0.55256,0.07061,0.74485,0.36727
26,2167,rightLowerArm,-0.09203,-0.006,0.19924,0.9756
26,2167,rightHand,0.60578,0.35147,-0.17221,0.69271
26,2167,leftUpperLeg,-0.60582,-0.31891,0.09694,0.72242
26,2167,leftLowerLeg,0.57705,0.03438,-0.17049,0.79797
26,2167,leftFoot,0.34243,0.11695,0.07164,0.92948
26,2167,rightUpperLeg,-0.66682,-0.2842,0.2457,0.6436
26,2167,rightLowerLeg,0.56862,-0.01771,-0.26997,0.77683
26,2167,rightFoot,0.40384,0.1097,-0.00562,0.90821
27,2250,hips,0.13894,0.28697,-0.17429,0.93165
27,2250,spine,-0.0,0.25652,-0.0,0.96654
27,2250,chest,0.0,0.0,0.0,1.0
27,2250,neck,0.0,0.0,0.0,1.0
27,2250,head,-0.10194,-0.21623,0.12877,0.96243
27,2250,leftUpperArm,0.33222,-0.47435,-0.60096,0.55088
27,2250,leftLowerArm,0.3357,-0.22089,0.13094,0.9063
27,2250,leftHand,-0.15895,0.34387,-0.17696,-0.90839
27,2250,rightUpperArm,-0.55498,0.06978,0.74422,0.36505
27,2250,rightLowerArm,-0.0989,-0.00949,0.2018,0.97437
27,2250,rightHand,0.6076,0.3649,-0.17138,0.68433
27,2250,leftUpperLeg,-0.60916,-0.32021,0.10095,0.71847
27,2250,leftLowerLeg,0.57647,0.03554,-0.17761,0.79679
27,2250,leftFoot,0.34423,0.11672,0.07438,0.92863
27,2250,rightUpperLeg,-0.66493,-0.28623,0.24603,0.64452
27,2250,rightLowerLeg,0.56611,-0.01742,-0.26987,0.77871
27,2250,rightFoot,0.40525,0.1085,-0.00481,0.90773
28,2333,hips,0.13625,0.29084,-0.17716,0.9303
28,2333,spine,0.0,0.26174,-0.0,0.96514
28,2333,chest,0.0,0.0,-0.0,1.0
28,2333,neck,0.0,0.0,-0.0,1.0
28,2333,head,-0.10534,-0.22888,0.13506,0.95827
28,2333,leftUpperArm,0.33966,-0.44434,-0.60869,0.56275
28,2333,leftLowerArm,0.33028,-0.21775,0.13031,0.90913
28,2333,leftHand,-0.18994,0.37001,-0.18356,-0.89068
28,2333,rightUpperArm,-0.56166,0.05761,0.74524,0.35472
28,2333,rightLowerArm,-0.11025,-0.01763,0.20152,0.9731
28,2333,rightHand,0.60613,0.38971,-0.16275,0.67398
28,2333,leftUpperLeg,-0.60896,-0.32467,0.10384,0.71622
28,2333,leftLowerLeg,0.57857,0.03605,-0.18224,0.7942
28,2333,leftFoot,0.3483,0.11689,0.07561,0.92699
28,2333,rightUpperLeg,-0.66129,-0.29111,0.24893,0.64497
28,2333,rightLowerLeg,0.56631,-0.0175,-0.27357,0.77727
28,2333,rightFoot,0.40755,0.10908,-0.00335,0.90664
29,2417,hips,0.13268,0.29838,-0.17756,0.92835
29,2417,spine,0.0,0.26215,0.0,0.96503
29,2417,chest,0.0,0.0,-0.0,1.0
29,2417,neck,0.0,0.0,-0.0,1.0
29,2417,head,-0.1018,-0.25266,0.14535,0.95114
29,2417,leftUpperArm,0.34384,-0.42768,-0.60784,0.57393
29,2417,leftLowerArm,0.33418,-0.22436,0.1299,0.90615
29,2417,leftHand,-0.19599,0.38056,-0.18604,-0.88439
29,2417,rightUpperArm,-0.56618,0.04166,0.74684,0.34631
29,2417,rightLowerArm,-0.12422,-0.02751,0.20243,0.971
29,2417,rightHand,0.60902,0.41491,-0.14333,0.66061
29,2417,leftUpperLeg,-0.61493,-0.32905,0.11228,0.7078
29,2417,leftLowerLeg,0.58364,0.03844,-0.20328,0.78522
29,2417,leftFoot,0.35163,0.11605,0.08207,0.92529
29,2417,rightUpperLeg,-0.66391,-0.29868,0.24153,0.64162
29,2417,rightLowerLeg,0.5759,-0.01595,-0.2768,0.76907
29,2417,rightFoot,0.40469,0.1124,0.00091,0.90752
30,2500,hips,0.13327,0.29799,-0.17247,0.92935
30,2500,spine,0.0,0.24968,-0.0,0.96833
30,2500,chest,0.0,-0.0,0.0,1.0
30,2500,neck,0.0,-0.0,0.0,1.0
30,2500,head,-0.09296,-0.25133,0.14267,0.95281
30,2500,leftUpperArm,0.33543,-0.43594,-0.60889,0.57158
30,2500,leftLowerArm,0.35299,-0.23788,0.16781,0.88919
30,2500,leftHand,-0.14449,0.36685,-0.1602,-0.90492
30,2500,rightUpperArm,-0.55358,0.03167,0.75152,0.35744
30,2500,rightLowerArm,-0.1242,-0.0255,0.2347,0.96376
30,2500,rightHand,0.62195,0.41295,-0.13777,0.6509
30,2500,leftUpperLeg,-0.62494,-0.32402,0.11601,0.70072
30,2500,leftLowerLeg,0.59527,0.04379,-0.22538,0.77002
30,2500,leftFoot,0.34236,0.11256,0.09467,0.92798
30,2500,rightUpperLeg,-0.66859,-0.29612,0.23342,0.64095
30,2500,rightLowerLeg,0.58323,-0.01275,-0.27995,0.76244
30,2500,rightFoot,0.39953,0.11191,0.00723,0.90983
31,2583,hips,0.14927,0.29118,-0.15931,0.93142
31,2583,spine,0.0,0.22992,-0.0,0.97321
31,2583,chest,0.0,-0.0,-0.0,1.0
31,2583,neck,0.0,-0.0,-0.0,1.0
31,2583,head,-0.10115,-0.22385,0.1251,0.96125
31,2583,leftUpperArm,0.3116,-0.44436,-0.62365,0.56259
31,2583,leftLowerArm,0.36797,-0.24561,0.19544,0.87526
31,2583,leftHand,-0.10136,0.35384,-0.14386,-0.9186
31,2583,rightUpperArm,-0.53518,0.03929,0.75782,0.37115
31,2583,rightLowerArm,-0.09535,-0.00881,0.26478,0.95954
31,2583,rightHand,0.63228,0.40935,-0.13707,0.64333
31,2583,leftUpperLeg,-0.62682,-0.31194,0.10124,0.70679
31,2583,leftLowerLeg,0.58911,0.04615,-0.21854,0.77657
31,2583,leftFoot,0.3402,0.10657,0.10013,0.92892
31,2583,rightUpperLeg,-0.67907,-0.28013,0.22529,0.64003
31,2583,rightLowerLeg,0.5819,-0.01203,-0.27849,0.764
31,2583,rightFoot,0.39956,0.10484,0.00881,0.91065
32,2667,hips,0.14666,0.28369,-0.15119,0.9355
32,2667,spine,0.0,0.20749,-0.0,0.97824
32,2667,chest,0.0,0.0,-0.0,1.0
32,2667,neck,0.0,0.0,-0.0,1.0
32,2667,head,-0.09659,-0.18844,0.12231,0.96964
32,2667,leftUpperArm,0.29839,-0.46048,-0.63055,0.54892
32,2667,leftLowerArm,0.38692,-0.2455,0.23828,0.8563
32,2667,leftHand,-0.03378,0.32932,-0.11753,-0.93627
32,2667,rightUpperArm,-0.508,0.03924,0.77064,0.38277
32,2667,rightLowerArm,-0.02049,0.03783,0.30631,0.95096
32,2667,rightHand,0.63487,0.36705,-0.15598,0.66172
32,2667,leftUpperLeg,-0.62289,-0.30326,0.09139,0.71532
32,2667,leftLowerLeg,0.58484,0.04954,-0.21439,0.78073
32,2667,leftFoot,0.33946,0.10336,0.10494,0.92902
32,2667,rightUpperLeg,-0.67663,-0.27095,0.22202,0.64766
32,2667,rightLowerLeg,0.57814,-0.01226,-0.27419,0.76839
32,2667,rightFoot,0.39664,0.09609,0.00708,0.9129
33,2750,hips,0.13902,0.27609,-0.1444,0.94
33,2750,spine,0.0,0.18625,-0.0,0.9825
33,2750,chest,0.0,-0.0,0.0,1.0
33,2750,neck,0.0,-0.0,0.0,1.0
33,2750,head,-0.08667,-0.1578,0.12935,0.97512
33,2750,leftUpperArm,0.28717,-0.45045,-0.64445,0.54709
33,2750,leftLowerArm,0.39874,-0.24178,0.28545,0.8373
33,2750,leftHand,0.00242,0.32482,-0.09131,-0.94135
33,2750,rightUpperArm,-0.4762,-0.00698,0.79349,0.3789
33,2750,rightLowerArm,-0.00562,0.036,0.38136,0.92371
33,2750,rightHand,0.69912,0.33414,-0.17036,0.60874
33,2750,leftUpperLeg,-0.62288,-0.29536,0.07983,0.72001
33,2750,leftLowerLeg,0.58539,0.05157,-0.20526,0.78264
33,2750,leftFoot,0.34033,0.09343,0.10547,0.92969
33,2750,rightUpperLeg,-0.6651,-0.26371,0.22283,0.66215
33,2750,rightLowerLeg,0.56993,-0.0129,-0.27087,0.77566
33,2750,rightFoot,0.39557,0.08665,0.00557,0.91432
34,2833,hips,0.12468,0.25966,-0.13481,0.94808
34,2833,spine,-0.0,0.15407,0.0,0.98806
34,2833,chest,0.0,0.0,0.0,1.0
34,2833,neck,0.0,0.0,0.0,1.0
34,2833,head,-0.06535,-0.10591,0.14219,0.98198
34,2833,leftUpperArm,0.2677,-0.42958,-0.66916,0.54408
34,2833,leftLowerArm,0.42595,-0.24697,0.27086,0.82717
34,2833,leftHand,0.01557,0.28232,-0.11164,-0.95267
34,2833,rightUpperArm,-0.42825,0.00855,0.80379,0.41286
34,2833,rightLowerArm,0.09637,0.11503,0.44261,0.88407
34,2833,rightHand,0.63758,0.25181,-0.22779,0.69152
34,2833,leftUpperLeg,-0.61981,-0.28119,0.05366,0.73067
34,2833,leftLowerLeg,0.59645,0.04675,-0.16604,0.7839
34,2833,leftFoot,0.34338,0.07463,0.09086,0.93181
34,2833,rightUpperLeg,-0.64495,-0.24879,0.23124,0.6846
34,2833,rightLowerLeg,0.55645,-0.01777,-0.26401,0.78762
34,2833,rightFoot,0.40202,0.06791,-0.00338,0.9131
35,2917,hips,0.08087,0.2572,-0.13406,0.95359
35,2917,spine,-0.0,0.12245,0.0,0.99247
35,2917,chest,0.0,0.0,0.0,1.0
35,2917,neck,0.0,0.0,0.0,1.0
35,2917,head,-0.01254,-0.07539,0.1716,0.9822
35,2917,leftUpperArm,0.26874,-0.37555,-0.68348,0.56533
35,2917,leftLowerArm,0.43769,-0.25472,0.2752,0.81719
35,2917,leftHand,0.02471,0.26866,-0.11032,-0.95658
35,2917,rightUpperArm,-0.37711,0.00563,0.80786,0.4529
35,2917,rightLowerArm,-0.77816,-0.46076,0.32993,0.27076
35,2917,rightHand,0.8547,0.26106,0.07889,-0.44171
35,2917,leftUpperLeg,-0.60561,-0.28129,0.0493,0.74276
35,2917,leftLowerLeg,0.60035,0.04906,-0.16466,0.78106
35,2917,leftFoot,0.36751,0.06202,0.08982,0.92359
35,2917,rightUpperLeg,-0.61648,-0.25717,0.23511,0.70607
35,2917,rightLowerLeg,0.55485,-0.01983,-0.26159,0.78951
35,2917,rightFoot,0.41549,0.06345,-0.00971,0.90733
36,3000,hips,0.06354,0.25402,-0.12507,0.95697
36,3000,spine,-0.0,0.10129,0.0,0.99486
36,3000,chest,0.0,0.0,0.0,1.0
36,3000,neck,0.0,0.0,0.0,1.0
36,3000,head,0.00915,-0.05378,0.16764,0.98434
36,3000,leftUpperArm,0.25589,-0.36314,-0.68156,0.58148
36,3000,leftLowerArm,0.40333,-0.24366,0.26112,0.84248
36,3000,leftHand,0.00088,0.28726,-0.10133,-0.95248
36,3000,rightUpperArm,-0.34519,0.00626,0.80924,0.47532
36,3000,rightLowerArm,-0.62439,-0.32919,0.53753,0.46134
36,3000,rightHand,0.93811,0.32808,-0.05868,-0.0942
36,3000,leftUpperLeg,-0.6001,-0.27413,0.05024,0.74981
36,3000,leftLowerLeg,0.59944,0.05175,-0.17617,0.77908
36,3000,leftFoot,0.37985,0.05511,0.09377,0.91863
36,3000,rightUpperLeg,-0.60178,-0.2541,0.23505,0.71976
36,3000,rightLowerLeg,0.55064,-0.02025,-0.26471,0.7914
36,3000,rightFoot,0.42211,0.06294,-0.01088,0.90429
37,3083,hips,0.05469,0.24557,-0.11645,0.9608
37,3083,spine,0.0,0.07035,-0.0,0.99752
37,3083,chest,0.0,0.0,0.0,1.0
37,3083,neck,0.0,0.0,0.0,1.0
37,3083,head,0.01462,-0.03597,0.16378,0.98573
37,3083,leftUpperArm,0.22544,-0.38034,-0.66335,0.60373
37,3083,leftLowerArm,0.34773,-0.23349,0.15992,0.89386
37,3083,leftHand,-0.05125,0.27271,-0.15373,-0.94835
37,3083,rightUpperArm,-0.30496,0.04658,0.79743,0.51858
37,3083,rightLowerArm,-0.61807,-0.30884,0.60855,0.39022
37,3083,rightHand,0.93813,0.32516,-0.09865,-0.06674
37,3083,leftUpperLeg,-0.59611,-0.26303,0.04793,0.75708
37,3083,leftLowerLeg,0.59092,0.05161,-0.17442,0.78595
37,3083,leftFoot,0.38953,0.05164,0.09168,0.91498
37,3083,rightUpperLeg,-0.58901,-0.24566,0.23313,0.73373
37,3083,rightLowerLeg,0.53932,-0.01937,-0.2605,0.80056
37,3083,rightFoot,0.42398,0.06833,-0.01329,0.90299
38,3167,hips,0.03863,0.23832,-0.10742,0.96445
38,3167,spine,0.0,0.03756,-0.0,0.99929
38,3167,chest,0.0,-0.0,0.0,1.0
38,3167,neck,0.0,-0.0,0.0,1.0
38,3167,head,0.02106,-0.00516,0.16,0.98688
38,3167,leftUpperArm,0.20323,-0.3665,-0.66231,0.62107
38,3167,leftLowerArm,0.30998,-0.22462,0.10249,0.91812
38,3167,leftHand,-0.09283,0.26916,-0.17633,-0.94225
38,3167,rightUpperArm,-0.25875,0.10699,0.77007,0.57323
38,3167,rightLowerArm,-0.65811,-0.31612,0.64836,0.21587
38,3167,rightHand,0.94386,0.28122,-0.10586,-0.13723
38,3167,leftUpperLeg,-0.58518,-0.25385,0.03569,0.76932
38,3167,leftLowerLeg,0.57069,0.05217,-0.16212,0.80331
38,3167,leftFoot,0.4138,0.05114,0.08772,0.90469
38,3167,rightUpperLeg,-0.56942,-0.23977,0.23207,0.75128
38,3167,rightLowerLeg,0.5209,-0.01643,-0.25846,0.81338
38,3167,rightFoot,0.43869,0.05617,-0.01388,0.89677
39,3250,hips,0.01821,0.22939,-0.1006,0.96795
39,3250,spine,-0.0,0.00426,-0.0,0.99999
39,3250,chest,0.0,0.0,0.0,1.0
39,3250,neck,0.0,0.0,0.0,1.0
39,3250,head,0.03306,0.02107,0.15371,0.98734
39,3250,leftUpperArm,0.18527,-0.34202,-0.67042,0.63185
39,3250,leftLowerArm,0.28508,-0.21595,0.06509,0.93159
39,3250,leftHand,-0.10124,0.2664,-0.19957,-0.93752
39,3250,rightUpperArm,-0.2086,0.16634,0.7432,0.61357
39,3250,rightLowerArm,-0.66865,-0.30097,0.67461,0.08494
39,3250,rightHand,0.94728,0.24223,-0.12225,-0.1704
39,3250,leftUpperLeg,-0.56186,-0.24531,0.01464,0.78989
39,3250,leftLowerLeg,0.53879,0.04662,-0.12831,0.8313
39,3250,leftFoot,0.43514,0.05464,0.07556,0.89552
39,3250,rightUpperLeg,-0.55142,-0.2347,0.22991,0.76681
39,3250,rightLowerLeg,0.49887,-0.01096,-0.25357,0.82868
39,3250,rightFoot,0.45541,0.03797,-0.01539,0.88934
40,3333,hips,0.00362,0.21889,-0.09162,0.97143
40,3333,spine,0.0,-0.01195,-0.0,0.99993
40,3333,chest,0.0,-0.0,0.0,1.0
40,3333,neck,0.0,-0.0,0.0,1.0
40,3333,head,0.04729,0.03599,0.13718,0.98876
40,3333,leftUpperArm,0.17242,-0.32348,-0.67497,0.64035
40,3333,leftLowerArm,0.26647,-0.2136,0.03405,0.93926
40,3333,leftHand,-0.13723,0.25702,-0.20959,-0.93337
40,3333,rightUpperArm,-0.17337,0.19951,0.71861,0.64323
40,3333,rightLowerArm,-0.66365,-0.29049,0.68932,-0.00321
40,3333,rightHand,0.94852,0.2117,-0.13458,-0.19333
40,3333,leftUpperLeg,-0.55207,-0.23248,0.00505,0.80072
40,3333,leftLowerLeg,0.53873,0.04409,-0.11635,0.83324
40,3333,leftFoot,0.43408,0.05602,0.07118,0.89631
40,3333,rightUpperLeg,-0.54162,-0.22556,0.22454,0.77804
40,3333,rightLowerLeg,0.49404,-0.00621,-0.25375,0.83157
40,3333,rightFoot,0.45926,0.03204,-0.01156,0.88765
41,3417,hips,-0.00991,0.20983,-0.08303,0.97416
41,3417,spine,-0.0,-0.01544,0.0,0.99988
41,3417,chest,0.0,-0.0,0.0,1.0
41,3417,neck,0.0,-0.0,0.0,1.0
41,3417,head,0.05668,0.05823,0.12547,0.98876
41,3417,leftUpperArm,0.17111,-0.32177,-0.68546,0.63034
41,3417,leftLowerArm,0.24987,-0.19495,0.04354,0.94745
41,3417,leftHand,-0.14648,0.26139,-0.20373,-0.93205
41,3417,rightUpperArm,-0.15291,0.21747,0.71209,0.64981
41,3417,rightLowerArm,-0.65618,-0.25624,0.70879,-0.0373
41,3417,rightHand,0.98098,0.12647,-0.04513,-0.14019
41,3417,leftUpperLeg,-0.54327,-0.22069,-0.00793,0.80999
41,3417,leftLowerLeg,0.54249,0.03689,-0.095,0.83386
41,3417,leftFoot,0.42975,0.05521,0.05948,0.8993
41,3417,rightUpperLeg,-0.53245,-0.21733,0.2203,0.78787
41,3417,rightLowerLeg,0.49268,-0.006,-0.25014,0.83346
41,3417,rightFoot,0.46017,0.0248,-0.01368,0.88738
42,3500,hips,-0.01853,0.20076,-0.07482,0.9766
42,3500,spine,-0.0,-0.01521,0.0,0.99988
42,3500,chest,0.0,0.0,0.0,1.0
42,3500,neck,0.0,0.0,0.0,1.0
42,3500,head,0.0632,0.07154,0.1165,0.98859
42,3500,leftUpperArm,0.1687,-0.31837,-0.69557,0.62158
42,3500,leftLowerArm,0.23967,-0.17845,0.06358,0.95219
42,3500,leftHand,-0.14774,0.27377,-0.18635,-0.93193
42,3500,rightUpperArm,-0.13809,0.23037,0.70482,0.65657
42,3500,rightLowerArm,-0.65086,-0.23501,0.71918,-0.06272
42,3500,rightHand,0.99045,0.0791,-0.01408,-0.112
42,3500,leftUpperLeg,-0.53211,-0.20908,-0.0166,0.82028
42,3500,leftLowerLeg,0.54095,0.03044,-0.07807,0.83687
42,3500,leftFoot,0.4298,0.04653,0.04946,0.90036
42,3500,rightUpperLeg,-0.52428,-0.20783,0.22353,0.79497
42,3500,rightLowerLeg,0.48951,-0.00465,-0.25595,0.83357
42,3500,rightFoot,0.46422,0.01417,-0.01267,0.88552
43,3583,hips,-0.01763,0.19231,-0.06215,0.97921
43,3583,spine,-0.0,-0.01933,-0.0,0.99981
43,3583,chest,0.0,0.0,0.0,1.0
43,3583,neck,0.0,0.0,0.0,1.0
43,3583,head,0.0669,0.07463,0.10311,0.98961
43,3583,leftUpperArm,0.15591,-0.29313,-0.71221,0.61848
43,3583,leftLowerArm,0.25162,-0.18196,0.08417,0.94683
43,3583,leftHand,-0.14784,0.2851,-0.17554,-0.93062
43,3583,rightUpperArm,-0.12404,0.23678,0.69165,0.67094
43,3583,rightLowerArm,-0.64117,-0.23687,0.72259,-0.10323
43,3583,rightHand,0.99147,0.04192,0.02342,-0.12117
43,3583,leftUpperLeg,-0.51146,-0.1959,-0.03884,0.83578
43,3583,leftLowerLeg,0.52002,0.01966,-0.04253,0.85287
43,3583,leftFoot,0.42176,0.02392,0.03337,0.90578
43,3583,rightUpperLeg,-0.50392,-0.19534,0.22276,0.81135
43,3583,rightLowerLeg,0.45463,0.004,-0.26247,0.85112
43,3583,rightFoot,0.47352,-0.00076,-0.00579,0.88076
44,3667,hips,-0.01658,0.18565,-0.05657,0.98085
44,3667,spine,-0.0,-0.02192,0.0,0.99976
44,3667,chest,0.0,-0.0,0.0,1.0
44,3667,neck,0.0,-0.0,0.0,1.0
44,3667,head,0.0666,0.07128,0.09963,0.99023
44,3667,leftUpperArm,0.14719,-0.28083,-0.72,0.61731
44,3667,leftLowerArm,0.25631,-0.18433,0.08816,0.94475
44,3667,leftHand,-0.14067,0.29499,-0.17675,-0.92841
44,3667,rightUpperArm,-0.11568,0.24147,0.68496,0.6776
44,3667,rightLowerArm,-0.634,-0.2378,0.72391,-0.13212
44,3667,rightHand,0.98624,-0.00181,0.04818,-0.15813
44,3667,leftUpperLeg,-0.50015,-0.18773,-0.04989,0.84387
44,3667,leftLowerLeg,0.507,0.0133,-0.0209,0.86159
44,3667,leftFoot,0.41608,0.01274,0.02334,0.90894
44,3667,rightUpperLeg,-0.49636,-0.18699,0.22912,0.81619
44,3667,rightLowerLeg,0.44084,0.0086,-0.27312,0.85498
44,3667,rightFoot,0.47406,-0.00739,-0.00082,0.88046
45,3750,hips,-0.01924,0.17926,-0.051,0.98229
45,3750,spine,0.0,-0.02508,-0.0,0.99969
45,3750,chest,0.0,-0.0,0.0,1.0
45,3750,neck,0.0,-0.0,0.0,1.0
45,3750,head,0.0709,0.07036,0.10177,0.98978
45,3750,leftUpperArm,0.14059,-0.26865,-0.72784,0.61508
45,3750,leftLowerArm,0.25991,-0.18649,0.08843,0.94332
45,3750,leftHand,-0.11763,0.30316,-0.16666,-0.93085
45,3750,rightUpperArm,-0.10511,0.24449,0.68146,0.68175
45,3750,rightLowerArm,-0.62899,-0.23671,0.72681,-0.14173
45,3750,rightHand,0.97769,-0.0182,0.08369,-0.19178
45,3750,leftUpperLeg,-0.49068,-0.17947,-0.06143,0.85044
45,3750,leftLowerLeg,0.50047,0.00872,-0.00251,0.8657
45,3750,leftFoot,0.41503,-0.00316,0.01569,0.90967
45,3750,rightUpperLeg,-0.48721,-0.17996,0.23115,0.82269
45,3750,rightLowerLeg,0.43555,0.01029,-0.27878,0.85585
45,3750,rightFoot,0.46791,-0.01041,0.00284,0.88371
46,3833,hips,-0.02193,0.17442,-0.04619,0.98334
46,3833,spine,-0.0,-0.02561,-0.0,0.99967
46,3833,chest,0.0,0.0,0.0,1.0
46,3833,neck,0.0,0.0,0.0,1.0
46,3833,head,0.0711,0.06475,0.10003,0.99033
46,3833,leftUpperArm,0.13677,-0.25664,-0.7313,0.61695
46,3833,leftLowerArm,0.26014,-0.18993,0.0831,0.94305
46,3833,leftHand,-0.13482,0.3057,-0.16365,-0.92822
46,3833,rightUpperArm,-0.09803,0.25832,0.67579,0.68335
46,3833,rightLowerArm,-0.62805,-0.22164,0.72822,-0.16163
46,3833,rightHand,0.97382,-0.0231,0.10435,-0.20063
46,3833,leftUpperLeg,-0.47604,-0.17318,-0.0713,0.85925
46,3833,leftLowerLeg,0.48926,0.00394,0.01546,0.87199
46,3833,leftFoot,0.41369,-0.01121,0.0077,0.91032
46,3833,rightUpperLeg,-0.47134,-0.17498,0.23308,0.8324
46,3833,rightLowerLeg,0.42277,0.0108,-0.28095,0.86152
46,3833,rightFoot,0.46221,-0.01093,0.00413,0.88669
47,3917,hips,-0.02487,0.16892,-0.04177,0.98443
47,3917,spine,-0.0,-0.0245,0.0,0.9997
47,3917,chest,0.0,0.0,0.0,1.0
47,3917,neck,0.0,0.0,0.0,1.0
47,3917,head,0.0656,0.05687,0.09655,0.99154
47,3917,leftUpperArm,0.1339,-0.24919,-0.73268,0.61899
47,3917,leftLowerArm,0.25616,-0.1907,0.07565,0.94461
47,3917,leftHand,-0.1353,0.3127,-0.16748,-0.92513
47,3917,rightUpperArm,-0.0911,0.27895,0.66541,0.68638
47,3917,rightLowerArm,-0.62973,-0.20434,0.72642,-0.18439
47,3917,rightHand,0.96037,-0.02697,0.15399,-0.23077
47,3917,leftUpperLeg,-0.45975,-0.16646,-0.08177,0.86847
47,3917,leftLowerLeg,0.47189,-0.00041,0.03405,0.881
47,3917,leftFoot,0.40949,-0.01527,0.00055,0.91219
47,3917,rightUpperLeg,-0.44509,-0.17026,0.23178,0.84805
47,3917,rightLowerLeg,0.39599,0.01107,-0.27462,0.87616
47,3917,rightFoot,0.45443,-0.01692,0.00211,0.89062
48,4000,hips,-0.03011,0.16155,-0.03794,0.98567
48,4000,spine,-0.0,-0.02661,0.0,0.99965
48,4000,chest,0.0,0.0,0.0,1.0
48,4000,neck,0.0,0.0,0.0,1.0
48,4000,head,0.06089,0.04689,0.09455,0.99255
48,4000,leftUpperArm,0.12894,-0.24367,-0.73358,0.62117
48,4000,leftLowerArm,0.24294,-0.18486,0.06182,0.95025
48,4000,leftHand,-0.15553,0.31464,-0.16392,-0.92192
48,4000,rightUpperArm,-0.07797,0.31109,0.64464,0.69396
48,4000,rightLowerArm,-0.63516,-0.19077,0.72095,-0.20102
48,4000,rightHand,0.94539,-0.02746,0.21093,-0.24697
48,4000,leftUpperLeg,-0.44978,-0.15786,-0.09048,0.87441
48,4000,leftLowerLeg,0.46863,-0.00393,0.04993,0.88198
48,4000,leftFoot,0.40346,-0.02073,-0.00577,0.91474
48,4000,rightUpperLeg,-0.42845,-0.16414,0.23326,0.85737
48,4000,rightLowerLeg,0.3865,0.00985,-0.2724,0.88109
48,4000,rightFoot,0.45352,-0.02223,0.00027,0.89097
49,4083,hips,-0.03204,0.15853,-0.03629,0.98617
49,4083,spine,0.0,-0.02328,0.0,0.99973
49,4083,chest,0.0,0.0,0.0,1.0
49,4083,neck,0.0,0.0,0.0,1.0
49,4083,head,0.04563,0.04103,0.10211,0.99288
49,4083,leftUpperArm,0.12981,-0.2477,-0.73213,0.62111
49,4083,leftLowerArm,0.22833,-0.17607,0.05234,0.9561
49,4083,leftHand,-0.16657,0.32244,-0.17108,-0.91598
49,4083,rightUpperArm,-0.07252,0.35047,0.60926,0.70761
49,4083,rightLowerArm,-0.64132,-0.18423,0.69808,-0.25972
49,4083,rightHand,0.91782,-0.01156,0.26644,-0.29409
49,4083,leftUpperLeg,-0.44138,-0.15442,-0.09512,0.8788
49,4083,leftLowerLeg,0.46713,-0.0047,0.05748,0.88231
49,4083,leftFoot,0.39876,-0.01762,-0.00739,0.91686
49,4083,rightUpperLeg,-0.42484,-0.16141,0.23315,0.85971
49,4083,rightLowerLeg,0.38399,0.00922,-0.27001,0.88293
49,4083,rightFoot,0.45627,-0.02486,-0.00199,0.88949
50,4167,hips,-0.03405,0.15738,-0.03461,0.98634
50,4167,spine,-0.0,-0.01783,-0.0,0.99984
50,4167,chest,0.0,-0.0,0.0,1.0
50,4167,neck,0.0,-0.0,0.0,1.0
50,4167,head,0.0321,0.03375,0.10782,0.99308
50,4167,leftUpperArm,0.13367,-0.2575,-0.72966,0.61921
50,4167,leftLowerArm,0.21474,-0.16722,0.04588,0.96116
50,4167,leftHand,-0.18559,0.32604,-0.16789,-0.91163
50,4167,rightUpperArm,-0.06943,0.38763,0.57486,0.71725
50,4167,rightLowerArm,-0.64179,-0.15703,0.68516,-0.30661
50,4167,rightHand,0.88213,-0.042,0.34471,-0.31821
50,4167,leftUpperLeg,-0.43528,-0.1526,-0.09783,0.88186
50,4167,leftLowerLeg,0.46816,-0.00444,0.06009,0.88159
50,4167,leftFoot,0.39558,-0.01504,-0.00732,0.91828
50,4167,rightUpperLeg,-0.42326,-0.16024,0.23229,0.86094
50,4167,rightLowerLeg,0.38294,0.00906,-0.26886,0.88373
50,4167,rightFoot,0.46015,-0.02638,-0.00338,0.88744
51,4250,hips,-0.03654,0.15662,-0.03284,0.98644
51,4250,spine,-0.0,-0.01479,-0.0,0.99989
51,4250,chest,0.0,-0.0,0.0,1.0
51,4250,neck,0.0,-0.0,0.0,1.0
51,4250,head,0.0173,0.0245,0.11237,0.99321
51,4250,leftUpperArm,0.1362,-0.26443,-0.72663,0.6193
51,4250,leftLowerArm,0.20048,-0.15936,0.03607,0.96598
51,4250,leftHand,-0.19146,0.33089,-0.16901,-0.90846
51,4250,rightUpperArm,-0.06555,0.41322,0.55063,0.72233
51,4250,rightLowerArm,-0.63989,-0.1262,0.68259,-0.32968
51,4250,rightHand,0.8508,-0.02327,0.40616,-0.33261
51,4250,leftUpperLeg,-0.42934,-0.15094,-0.10239,0.88454
51,4250,leftLowerLeg,0.469,-0.00562,0.0667,0.88066
51,4250,leftFoot,0.39337,-0.01429,-0.00999,0.91922
51,4250,rightUpperLeg,-0.42196,-0.15948,0.23111,0.86203
51,4250,rightLowerLeg,0.38393,0.00844,-0.26775,0.88365
51,4250,rightFoot,0.46283,-0.02601,-0.00469,0.88605
52,4333,hips,-0.03842,0.15613,-0.03055,0.98652
52,4333,spine,-0.0,-0.01355,-0.0,0.99991
52,4333,chest,0.0,0.0,0.0,1.0
52,4333,neck,0.0,0.0,0.0,1.0
52,4333,head,0.00654,0.01959,0.1126,0.99343
52,4333,leftUpperArm,0.13684,-0.27643,-0.72048,0.62111
52,4333,leftLowerArm,0.18133,-0.14922,0.02379,0.97174
52,4333,leftHand,-0.19745,0.33396,-0.17147,-0.90558
52,4333,rightUpperArm,-0.06087,0.44295,0.52529,0.72399
52,4333,rightLowerArm,-0.64349,-0.10263,0.67138,-0.35302
52,4333,rightHand,0.85264,-0.00777,0.41346,-0.31936
52,4333,leftUpperLeg,-0.42553,-0.14934,-0.10553,0.88628
52,4333,leftLowerLeg,0.46807,-0.00561,0.06852,0.88101
52,4333,leftFoot,0.39356,-0.00554,-0.01001,0.91923
52,4333,rightUpperLeg,-0.42378,-0.15845,0.22871,0.86197
52,4333,rightLowerLeg,0.38512,0.00851,-0.26635,0.88355
52,4333,rightFoot,0.46526,-0.02798,-0.00621,0.88471
53,4417,hips,-0.04164,0.15185,-0.02921,0.98709
53,4417,spine,0.0,-0.01568,-0.0,0.99988
53,4417,chest,0.0,0.0,0.0,1.0
53,4417,neck,0.0,0.0,0.0,1.0
53,4417,head,0.00473,0.01865,0.11291,0.99342
53,4417,leftUpperArm,0.13343,-0.28718,-0.71594,0.62222
53,4417,leftLowerArm,0.16565,-0.13901,0.0181,0.97617
53,4417,leftHand,-0.19722,0.33479,-0.17167,-0.90529
53,4417,rightUpperArm,-0.05109,0.47987,0.4936,0.72352
53,4417,rightLowerArm,-0.64572,-0.07523,0.66062,-0.37546
53,4417,rightHand,0.86237,0.01937,0.4037,-0.30491
53,4417,leftUpperLeg,-0.42303,-0.14474,-0.10493,0.88831
53,4417,leftLowerLeg,0.4662,-0.0049,0.06726,0.8821
53,4417,leftFoot,0.39432,-0.0017,-0.00839,0.91893
53,4417,rightUpperLeg,-0.43076,-0.15456,0.2235,0.86059
53,4417,rightLowerLeg,0.39832,0.00401,-0.25471,0.88117
53,4417,rightFoot,0.4633,-0.03267,-0.014,0.88549
54,4500,hips,-0.04076,0.1473,-0.02798,0.98786
54,4500,spine,0.0,-0.01943,-0.0,0.99981
54,4500,chest,0.0,0.0,0.0,1.0
54,4500,neck,0.0,0.0,0.0,1.0
54,4500,head,-0.00013,0.02036,0.11072,0.99364
54,4500,leftUpperArm,0.12603,-0.30689,-0.70895,0.62236
54,4500,leftLowerArm,0.15999,-0.13551,0.01845,0.9776
54,4500,leftHand,-0.18518,0.32462,-0.16739,-0.91231
54,4500,rightUpperArm,-0.0439,0.51195,0.4636,0.72184
54,4500,rightLowerArm,-0.64461,-0.05971,0.64572,-0.40491
54,4500,rightHand,0.86402,0.03151,0.4131,-0.28604
54,4500,leftUpperLeg,-0.42481,-0.14017,-0.10435,0.88825
54,4500,leftLowerLeg,0.46766,-0.00373,0.06561,0.88146
54,4500,leftFoot,0.39162,0.00015,-0.00625,0.92011
54,4500,rightUpperLeg,-0.44092,-0.14938,0.2197,0.85732
54,4500,rightLowerLeg,0.41194,0.00023,-0.24637,0.87728
54,4500,rightFoot,0.45785,-0.03546,-0.01938,0.88811
55,4583,hips,-0.04157,0.13903,-0.02787,0.98902
55,4583,spine,0.0,-0.02205,0.0,0.99976
55,4583,chest,0.0,-0.0,0.0,1.0
55,4583,neck,0.0,-0.0,0.0,1.0
55,4583,head,0.00232,0.01892,0.10528,0.99426
55,4583,leftUpperArm,0.11788,-0.31225,-0.69779,0.63379
55,4583,leftLowerArm,0.14998,-0.13816,-0.00141,0.97899
55,4583,leftHand,-0.18101,0.31847,-0.17079,-0.91468
55,4583,rightUpperArm,-0.03476,0.54573,0.42771,0.71975
55,4583,rightLowerArm,-0.63947,-0.04771,0.62617,-0.44353
55,4583,rightHand,0.86824,0.03282,0.38822,-0.30718
55,4583,leftUpperLeg,-0.42631,-0.13342,-0.08889,0.89026
55,4583,leftLowerLeg,0.47108,0.00393,0.04026,0.88116
55,4583,leftFoot,0.38834,0.00476,0.00803,0.92147
55,4583,rightUpperLeg,-0.44636,-0.14211,0.21999,0.85567
55,4583,rightLowerLeg,0.42262,-0.0008,-0.24404,0.87283
55,4583,rightFoot,0.45229,-0.0347,-0.01936,0.89099
56,4667,hips,-0.04421,0.13269,-0.02829,0.98977
56,4667,spine,-0.0,-0.02613,0.0,0.99966
56,4667,chest,0.0,-0.0,0.0,1.0
56,4667,neck,0.0,-0.0,0.0,1.0
56,4667,head,0.00342,0.01394,0.10232,0.99465
56,4667,leftUpperArm,0.11238,-0.30686,-0.6995,0.63554
56,4667,leftLowerArm,0.15112,-0.13846,-0.00036,0.97877
56,4667,leftHand,-0.17956,0.31387,-0.17109,-0.9165
56,4667,rightUpperArm,-0.02773,0.55551,0.41878,0.71782
56,4667,rightLowerArm,-0.63505,-0.04819,0.6226,-0.45471
56,4667,rightHand,0.85797,0.05342,0.39028,-0.32972
56,4667,leftUpperLeg,-0.4199,-0.12785,-0.08984,0.89402
56,4667,leftLowerLeg,0.45662,0.00124,0.04896,0.88832
56,4667,leftFoot,0.38894,0.00071,0.00408,0.92125
56,4667,rightUpperLeg,-0.44007,-0.13769,0.22293,0.85888
56,4667,rightLowerLeg,0.41788,-0.00041,-0.24258,0.87552
56,4667,rightFoot,0.4509,-0.04019,-0.02021,0.89144
57,4750,hips,-0.04211,0.13185,-0.03001,0.98992
57,4750,spine,0.0,-0.02179,0.0,0.99976
57,4750,chest,0.0,-0.0,0.0,1.0
57,4750,neck,0.0,-0.0,0.0,1.0
57,4750,head,0.00199,0.00462,0.0995,0.99502
57,4750,leftUpperArm,0.11363,-0.31168,-0.69218,0.64097
57,4750,leftLowerArm,0.14657,-0.14014,-0.01007,0.97917
57,4750,leftHand,-0.18534,0.31229,-0.17652,-0.91486
57,4750,rightUpperArm,-0.02866,0.57524,0.38576,0.72074
57,4750,rightLowerArm,-0.63039,-0.03763,0.60571,-0.48406
57,4750,rightHand,0.85883,0.05617,0.39229,-0.3246
57,4750,leftUpperLeg,-0.4275,-0.12842,-0.07713,0.89152
57,4750,leftLowerLeg,0.46881,0.00729,0.02732,0.88285
57,4750,leftFoot,0.38933,0.01003,0.01474,0.92093
57,4750,rightUpperLeg,-0.4429,-0.13715,0.22664,0.85654
57,4750,rightLowerLeg,0.42053,0.00122,-0.24863,0.87255
57,4750,rightFoot,0.44832,-0.03788,-0.01591,0.89293
58,4833,hips,-0.0442,0.12952,-0.03103,0.99011
58,4833,spine,0.0,-0.02033,0.0,0.99979
58,4833,chest,0.0,0.0,-0.0,1.0
58,4833,neck,0.0,0.0,-0.0,1.0
58,4833,head,0.00097,0.00106,0.09894,0.99509
58,4833,leftUpperArm,0.11488,-0.31111,-0.6958,0.63709
58,4833,leftLowerArm,0.14431,-0.13227,0.00066,0.98065
58,4833,leftHand,-0.18647,0.31676,-0.17392,-0.91359
58,4833,rightUpperArm,-0.02884,0.56838,0.39968,0.71859
58,4833,rightLowerArm,-0.63158,-0.04829,0.60612,-0.48104
58,4833,rightHand,0.843,0.03069,0.4251,-0.32818
58,4833,leftUpperLeg,-0.4263,-0.12626,-0.08409,0.89177
58,4833,leftLowerLeg,0.45998,0.00201,0.04471,0.8868
58,4833,leftFoot,0.39109,0.00254,0.00573,0.92033
58,4833,rightUpperLeg,-0.44187,-0.13608,0.22398,0.85794
58,4833,rightLowerLeg,0.42234,-0.002,-0.23836,0.87454
58,4833,rightFoot,0.44664,-0.04208,-0.02211,0.89345
59,4917,hips,-0.04224,0.13112,-0.03121,0.98997
59,4917,spine,-0.0,-0.01622,-0.0,0.99987
59,4917,chest,0.0,-0.0,0.0,1.0
59,4917,neck,0.0,-0.0,0.0,1.0
59,4917,head,-0.00383,0.00531,0.09979,0.99499
59,4917,leftUpperArm,0.11784,-0.31604,-0.6972,0.63257
59,4917,leftLowerArm,0.14487,-0.12919,0.00718,0.98095
59,4917,leftHand,-0.18378,0.31899,-0.17642,-0.91288
59,4917,rightUpperArm,-0.03519,0.55114,0.42386,0.71788
59,4917,rightLowerArm,-0.6391,-0.04974,0.6215,-0.45035
59,4917,rightHand,0.85916,-0.0001,0.40693,-0.31024
59,4917,leftUpperLeg,-0.42852,-0.12762,-0.08861,0.89008
59,4917,leftLowerLeg,0.46032,-0.00032,0.05257,0.88619
59,4917,leftFoot,0.39552,0.00511,0.0015,0.91844
59,4917,rightUpperLeg,-0.44439,-0.13702,0.22513,0.85619
59,4917,rightLowerLeg,0.42338,-0.0026,-0.23942,0.87374
59,4917,rightFoot,0.4465,-0.04548,-0.02299,0.89333
60,5000,hips,-0.04459,0.13176,-0.02927,0.98985
60,5000,spine,-0.0,-0.01153,-0.0,0.99993
60,5000,chest,0.0,0.0,0.0,1.0
60,5000,neck,0.0,0.0,0.0,1.0
60,5000,head,-0.00375,0.00996,0.10015,0.99492
60,5000,leftUpperArm,0.12308,-0.29956,-0.70793,0.62765
60,5000,leftLowerArm,0.1456,-0.12922,0.00193,0.98087
60,5000,leftHand,-0.20214,0.32565,-0.18289,-0.90534
60,5000,rightUpperArm,-0.03857,0.51886,0.46192,0.71828
60,5000,rightLowerArm,-0.64319,-0.06086,0.64204,-0.41278
60,5000,rightHand,0.89953,0.01954,0.34169,-0.27151
60,5000,leftUpperLeg,-0.42182,-0.12672,-0.10022,0.89217
60,5000,leftLowerLeg,0.45523,-0.00542,0.07155,0.88748
60,5000,leftFoot,0.39705,-0.00359,-0.00789,0.91776
60,5000,rightUpperLeg,-0.4378,-0.13747,0.22237,0.86022
60,5000,rightLowerLeg,0.41799,-0.00255,-0.23737,0.87689
60,5000,rightFoot,0.44803,-0.04707,-0.02361,0.89246
61,5083,hips,-0.04391,0.14023,-0.03192,0.98863
61,5083,spine,0.0,-0.00878,-0.0,0.99996
61,5083,chest,0.0,-0.0,0.0,1.0
61,5083,neck,0.0,-0.0,0.0,1.0
61,5083,head,0.00043,0.01322,0.10671,0.9942
61,5083,leftUpperArm,0.13189,-0.28892,-0.71332,0.62475
61,5083,leftLowerArm,0.16224,-0.13913,0.00909,0.97685
61,5083,leftHand,-0.20264,0.3257,-0.18383,-0.90502
61,5083,rightUpperArm,-0.0489,0.48258,0.49451,0.72124
61,5083,rightLowerArm,-0.6426,-0.07653,0.65781,-0.38534
61,5083,rightHand,0.9309,-0.00363,0.26403,-0.25238
61,5083,leftUpperLeg,-0.42663,-0.13563,-0.09575,0.88906
61,5083,leftLowerLeg,0.46473,-0.00172,0.05875,0.8835
61,5083,leftFoot,0.40443,-0.00211,-0.0016,0.91456
61,5083,rightUpperLeg,-0.44758,-0.14542,0.21998,0.85448
61,5083,rightLowerLeg,0.4303,-0.00497,-0.23659,0.87112
61,5083,rightFoot,0.45424,-0.02815,-0.02436,0.8901
62,5167,hips,-0.04172,0.14392,-0.03063,0.98823
62,5167,spine,-0.0,-0.0099,-0.0,0.99995
62,5167,chest,0.0,-0.0,0.0,1.0
62,5167,neck,0.0,-0.0,0.0,1.0
62,5167,head,0.02001,0.02468,0.10695,0.99376
62,5167,leftUpperArm,0.13231,-0.27868,-0.71787,0.62409
62,5167,leftLowerArm,0.17142,-0.14565,0.01069,0.97431
62,5167,leftHand,-0.20805,0.32449,-0.18282,-0.90443
62,5167,rightUpperArm,-0.05806,0.42741,0.55498,0.71129
62,5167,rightLowerArm,-0.64834,-0.10247,0.69086,-0.3031
62,5167,rightHand,0.96389,0.00533,0.14804,-0.22128
62,5167,leftUpperLeg,-0.42382,-0.13851,-0.09918,0.88958
62,5167,leftLowerLeg,0.46325,-0.00103,0.05901,0.88426
62,5167,leftFoot,0.40171,-0.00446,-0.00061,0.91575
62,5167,rightUpperLeg,-0.43308,-0.14817,0.22082,0.86123
62,5167,rightLowerLeg,0.41338,-0.00165,-0.24321,0.87747
62,5167,rightFoot,0.45281,-0.02855,-0.01837,0.89096
63,5250,hips,-0.0287,0.15502,-0.02971,0.98705
63,5250,spine,0.0,-0.00327,0.0,0.99999
63,5250,chest,0.0,0.0,0.0,1.0
63,5250,neck,0.0,0.0,0.0,1.0
63,5250,head,0.02844,0.04065,0.10513,0.99322
63,5250,leftUpperArm,0.13639,-0.27865,-0.71391,0.62776
63,5250,leftLowerArm,0.1827,-0.16061,-0.002,0.96996
63,5250,leftHand,-0.21839,0.32295,-0.19373,-0.90026
63,5250,rightUpperArm,-0.08289,0.37066,0.60047,0.70369
63,5250,rightLowerArm,-0.64665,-0.12876,0.70855,-0.25143
63,5250,rightHand,0.97632,-0.03932,0.05611,-0.20518
63,5250,leftUpperLeg,-0.42972,-0.14983,-0.0814,0.88672
63,5250,leftLowerLeg,0.46806,0.0118,0.01354,0.88352
63,5250,leftFoot,0.39771,0.00693,0.02306,0.91719
63,5250,rightUpperLeg,-0.43802,-0.15431,0.21987,0.8579
63,5250,rightLowerLeg,0.40467,0.00557,-0.26105,0.87639
63,5250,rightFoot,0.4518,-0.01106,-0.00309,0.89205
64,5333,hips,-0.0185,0.15956,-0.02544,0.98669
64,5333,spine,-0.0,-0.00363,-0.0,0.99999
64,5333,chest,0.0,0.0,0.0,1.0
64,5333,neck,0.0,0.0,0.0,1.0
64,5333,head,0.04705,0.05963,0.08996,0.99304
64,5333,leftUpperArm,0.13264,-0.27378,-0.72075,0.62287
64,5333,leftLowerArm,0.19898,-0.16764,0.01664,0.96542
64,5333,leftHand,-0.21417,0.32652,-0.18475,-0.90188
64,5333,rightUpperArm,-0.09611,0.32772,0.63737,0.69073
64,5333,rightLowerArm,-0.65567,-0.16813,0.71523,-0.17402
64,5333,rightHand,0.97708,-0.03061,0.05426,-0.20355
64,5333,leftUpperLeg,-0.43676,-0.15236,-0.08535,0.88246
64,5333,leftLowerLeg,0.47301,0.01311,0.0098,0.88091
64,5333,leftFoot,0.3884,0.00782,0.02527,0.92111
64,5333,rightUpperLeg,-0.44479,-0.15389,0.21471,0.85579
64,5333,rightLowerLeg,0.39963,0.00886,-0.26661,0.877
64,5333,rightFoot,0.44947,-0.00506,0.00277,0.89328
65,5417,hips,-0.00555,0.16396,-0.02281,0.98619
65,5417,spine,-0.0,-0.00257,0.0,1.0
65,5417,chest,0.0,0.0,0.0,1.0
65,5417,neck,0.0,0.0,0.0,1.0
65,5417,head,0.04888,0.0627,0.08126,0.99352
65,5417,leftUpperArm,0.1285,-0.26555,-0.72628,0.62088
65,5417,leftLowerArm,0.2173,-0.17905,0.02784,0.95914
65,5417,leftHand,-0.19638,0.33414,-0.18282,-0.90353
65,5417,rightUpperArm,-0.11063,0.29126,0.65881,0.68476
65,5417,rightLowerArm,-0.66414,-0.21858,0.7048,-0.12
65,5417,rightHand,0.97092,-0.0067,0.05346,-0.23326
65,5417,leftUpperLeg,-0.44376,-0.15574,-0.0892,0.87799
65,5417,leftLowerLeg,0.47118,0.01466,0.00694,0.88189
65,5417,leftFoot,0.37786,0.01701,0.02841,0.92527
65,5417,rightUpperLeg,-0.45669,-0.15319,0.21031,0.85073
65,5417,rightLowerLeg,0.39631,0.01111,-0.26913,0.87772
65,5417,rightFoot,0.45061,-0.00333,0.00561,0.8927
66,5500,hips,0.00413,0.16863,-0.03017,0.98521
66,5500,spine,-0.0,-0.00434,-0.0,0.99999
66,5500,chest,0.0,-0.0,0.0,1.0
66,5500,neck,0.0,-0.0,0.0,1.0
66,5500,head,0.03789,0.06144,0.0862,0.99366
66,5500,leftUpperArm,0.12538,-0.28577,-0.7149,0.62573
66,5500,leftLowerArm,0.2189,-0.1813,0.0297,0.9583
66,5500,leftHand,-0.1786,0.33045,-0.17808,-0.9095
66,5500,rightUpperArm,-0.12274,0.27702,0.66891,0.67879
66,5500,rightLowerArm,-0.68595,-0.2823,0.66274,-0.10271
66,5500,rightHand,0.95452,0.02793,0.08912,-0.28315
66,5500,leftUpperLeg,-0.46146,-0.16313,-0.0762,0.8687
66,5500,leftLowerLeg,0.47803,0.01827,-0.0098,0.8781
66,5500,leftFoot,0.37803,0.0311,0.03521,0.9246
66,5500,rightUpperLeg,-0.4892,-0.15611,0.21814,0.8299
66,5500,rightLowerLeg,0.42418,0.00718,-0.27188,0.86377
66,5500,rightFoot,0.45163,-0.0044,0.00014,0.89219
67,5583,hips,0.0105,0.17075,-0.04135,0.98439
67,5583,spine,-0.0,-0.00082,0.0,1.0
67,5583,chest,0.0,0.0,0.0,1.0
67,5583,neck,0.0,0.0,0.0,1.0
67,5583,head,0.02476,0.04714,0.10154,0.99341
67,5583,leftUpperArm,0.1273,-0.30041,-0.7033,0.6316
67,5583,leftLowerArm,0.22729,-0.18355,0.05147,0.95499
67,5583,leftHand,-0.13868,0.33534,-0.15373,-0.91907
67,5583,rightUpperArm,-0.13798,0.26132,0.69548,0.65497
67,5583,rightLowerArm,-0.71982,-0.34118,0.60119,-0.06345
67,5583,rightHand,0.92924,0.07503,0.14049,-0.33338
67,5583,leftUpperLeg,-0.49046,-0.16916,-0.06187,0.85264
67,5583,leftLowerLeg,0.49383,0.01526,-0.0128,0.86933
67,5583,leftFoot,0.38521,0.03236,0.02847,0.92182
67,5583,rightUpperLeg,-0.52147,-0.15958,0.22464,0.80755
67,5583,rightLowerLeg,0.46027,6e-05,-0.26776,0.84644
67,5583,rightFoot,0.44289,-0.00018,-0.00783,0.89654
68,5667,hips,0.01322,0.16913,-0.04349,0.98454
68,5667,spine,-0.0,0.00198,-0.0,1.0
68,5667,chest,0.0,-0.0,0.0,1.0
68,5667,neck,0.0,-0.0,0.0,1.0
68,5667,head,0.0244,0.01494,0.1052,0.99404
68,5667,leftUpperArm,0.1261,-0.30773,-0.69668,0.63564
68,5667,leftLowerArm,0.24415,-0.19546,0.07015,0.94724
68,5667,leftHand,-0.09637,0.32678,-0.12957,-0.93121
68,5667,rightUpperArm,-0.14501,0.22331,0.72837,0.63134
68,5667,rightLowerArm,-0.74772,-0.40672,0.52236,-0.05125
68,5667,rightHand,0.84677,0.08894,-0.01726,-0.52419
68,5667,leftUpperLeg,-0.5157,-0.16755,-0.05831,0.8382
68,5667,leftLowerLeg,0.52211,0.02042,-0.02509,0.85226
68,5667,leftFoot,0.37838,0.0248,0.03635,0.9246
68,5667,rightUpperLeg,-0.53696,-0.15774,0.22464,0.79771
68,5667,rightLowerLeg,0.48382,0.00275,-0.27811,0.8298
68,5667,rightFoot,0.43287,0.00265,0.00317,0.90145
69,5750,hips,0.02302,0.17215,-0.05261,0.9834
69,5750,spine,0.0,0.0192,-0.0,0.99982
69,5750,chest,0.0,-0.0,0.0,1.0
69,5750,neck,0.0,-0.0,0.0,1.0
69,5750,head,0.01435,-0.02517,0.11547,0.99289
69,5750,leftUpperArm,0.13387,-0.35846,-0.66902,0.63718
69,5750,leftLowerArm,0.31439,-0.246,0.12691,0.90804
69,5750,leftHand,0.00693,0.25394,-0.08283,-0.96364
69,5750,rightUpperArm,-0.17284,0.1717,0.76486,0.59636
69,5750,rightLowerArm,-0.7837,-0.49469,0.34106,-0.15738
69,5750,rightHand,-0.46805,0.02054,-0.12126,-0.8751
69,5750,leftUpperLeg,-0.53633,-0.17394,-0.03363,0.82521
69,5750,leftLowerLeg,0.54445,0.02951,-0.06035,0.8361
69,5750,leftFoot,0.36939,0.03347,0.05206,0.92721
69,5750,rightUpperLeg,-0.56086,-0.16123,0.22638,0.77987
69,5750,rightLowerLeg,0.51292,0.00366,-0.28574,0.80947
69,5750,rightFoot,0.41592,0.01181,0.01246,0.90924
70,5833,hips,0.04233,0.17378,-0.06115,0.98197
70,5833,spine,-0.0,0.04407,-0.0,0.99903
70,5833,chest,0.0,-0.0,0.0,1.0
70,5833,neck,0.0,-0.0,0.0,1.0
70,5833,head,-0.00934,-0.06913,0.1293,0.98915
70,5833,leftUpperArm,0.1403,-0.41243,-0.64686,0.62593
70,5833,leftLowerArm,0.35137,-0.26547,0.16267,0.88295
70,5833,leftHand,0.0634,0.21711,-0.05879,-0.97231
70,5833,rightUpperArm,-0.21068,0.11751,0.79927,0.55043
70,5833,rightLowerArm,-0.66092,-0.48477,-0.05349,-0.57037
70,5833,rightHand,-0.90959,0.15688,-0.03009,-0.38358
70,5833,leftUpperLeg,-0.57665,-0.17768,-0.01562,0.79728
70,5833,leftLowerLeg,0.57785,0.03534,-0.08444,0.811
70,5833,leftFoot,0.3618,0.02891,0.06115,0.9298
70,5833,rightUpperLeg,-0.58534,-0.16092,0.23228,0.75995
70,5833,rightLowerLeg,0.53724,0.00304,-0.29494,0.79018
70,5833,rightFoot,0.39814,0.01703,0.02047,0.91694
71,5917,hips,0.07268,0.17749,-0.07146,0.97883
71,5917,spine,0.0,0.08063,0.0,0.99674
71,5917,chest,0.0,-0.0,0.0,1.0
71,5917,neck,0.0,-0.0,0.0,1.0
71,5917,head,-0.04839,-0.10891,0.15385,0.98088
71,5917,leftUpperArm,0.15092,-0.46921,-0.6305,0.59962
71,5917,leftLowerArm,0.36829,-0.26107,0.18916,0.87202
71,5917,leftHand,0.09807,0.21058,-0.04708,-0.97151
71,5917,rightUpperArm,-0.26304,0.08329,0.80799,0.52059
71,5917,rightLowerArm,-0.32549,-0.28015,-0.2924,-0.85444
71,5917,rightHand,-0.29367,-0.13653,0.27518,-0.9052
71,5917,leftUpperLeg,-0.62155,-0.1833,0.00241,0.76162
71,5917,leftLowerLeg,0.60985,0.03716,-0.10252,0.78498
71,5917,leftFoot,0.36179,0.01901,0.06443,0.92983
71,5917,rightUpperLeg,-0.62086,-0.15958,0.24085,0.72874
71,5917,rightLowerLeg,0.55899,0.00011,-0.30162,0.77237
71,5917,rightFoot,0.40116,0.03099,0.02109,0.91524
72,6000,hips,0.08871,0.18441,-0.08337,0.97528
72,6000,spine,0.0,0.09905,-0.0,0.99508
72,6000,chest,0.0,-0.0,0.0,1.0
72,6000,neck,0.0,-0.0,0.0,1.0
72,6000,head,-0.07096,-0.13359,0.17275,0.97328
72,6000,leftUpperArm,0.16329,-0.49791,-0.62331,0.58043
72,6000,leftLowerArm,0.3584,-0.2363,0.20216,0.88025
72,6000,leftHand,0.09061,0.23262,-0.03959,-0.96753
72,6000,rightUpperArm,-0.2942,0.06736,0.80787,0.50621
72,6000,rightLowerArm,-0.15219,-0.1603,-0.31794,-0.92199
72,6000,rightHand,-0.47892,-0.28507,0.25676,-0.78959
72,6000,leftUpperLeg,-0.64539,-0.19285,0.02208,0.73878
72,6000,leftLowerLeg,0.63002,0.04124,-0.12604,0.76517
72,6000,leftFoot,0.36201,0.01449,0.07296,0.9292
72,6000,rightUpperLeg,-0.63444,-0.16648,0.24801,0.71293
72,6000,rightLowerLeg,0.57207,-0.00345,-0.30569,0.76111
72,6000,rightFoot,0.40211,0.03836,0.02236,0.91451
73,6083,hips,0.10299,0.19002,-0.09888,0.97134
73,6083,spine,0.0,0.12175,-0.0,0.99256
73,6083,chest,0.0,0.0,0.0,1.0
73,6083,neck,0.0,0.0,0.0,1.0
73,6083,head,-0.09722,-0.16837,0.19038,0.96227
73,6083,leftUpperArm,0.17862,-0.51879,-0.6142,0.5672
73,6083,leftLowerArm,0.35247,-0.21858,0.21845,0.88333
73,6083,leftHand,0.08731,0.25367,-0.03843,-0.96258
73,6083,rightUpperArm,-0.32769,0.049,0.81267,0.47936
73,6083,rightLowerArm,-0.09485,-0.1079,-0.29622,-0.94425
73,6083,rightHand,-0.53443,-0.34242,0.2388,-0.73492
73,6083,leftUpperLeg,-0.6592,-0.20406,0.04145,0.72256
73,6083,leftLowerLeg,0.64649,0.04235,-0.14121,0.74855
73,6083,leftFoot,0.35543,0.01337,0.07814,0.93133
73,6083,rightUpperLeg,-0.6458,-0.1756,0.25291,0.69867
73,6083,rightLowerLeg,0.58256,-0.00649,-0.30231,0.75445
73,6083,rightFoot,0.39868,0.05099,0.02133,0.91542
74,6167,hips,0.11615,0.20034,-0.11247,0.96629
74,6167,spine,0.0,0.14923,0.0,0.9888
74,6167,chest,0.0,0.0,-0.0,1.0
74,6167,neck,0.0,0.0,-0.0,1.0
74,6167,head,-0.12143,-0.20438,0.19844,0.95084
74,6167,leftUpperArm,0.19885,-0.50391,-0.61843,0.56928
74,6167,leftLowerArm,0.35287,-0.2143,0.25931,0.87311
74,6167,leftHand,0.07587,0.30439,-0.01903,-0.94933
74,6167,rightUpperArm,-0.36674,0.01602,0.81458,0.44912
74,6167,rightLowerArm,-0.06924,-0.07478,-0.26875,-0.9578
74,6167,rightHand,-0.56575,-0.38485,0.22257,-0.69446
74,6167,leftUpperLeg,-0.65568,-0.2182,0.0618,0.72018
74,6167,leftLowerLeg,0.63538,0.04367,-0.1597,0.75424
74,6167,leftFoot,0.35221,0.00903,0.08566,0.93195
74,6167,rightUpperLeg,-0.64284,-0.19012,0.24743,0.69957
74,6167,rightLowerLeg,0.5776,-0.01048,-0.28477,0.76497
74,6167,rightFoot,0.3983,0.06269,0.01576,0.91497
75,6250,hips,0.11012,0.20999,-0.12591,0.96329
75,6250,spine,0.0,0.17387,0.0,0.98477
75,6250,chest,0.0,-0.0,0.0,1.0
75,6250,neck,0.0,-0.0,0.0,1.0
75,6250,head,-0.12258,-0.24803,0.21058,0.93761
75,6250,leftUpperArm,0.22858,-0.48631,-0.61993,0.57179
75,6250,leftLowerArm,0.34922,-0.2152,0.26608,0.87232
75,6250,leftHand,0.0485,0.33227,-0.0176,-0.94177
75,6250,rightUpperArm,-0.39105,-0.04339,0.82119,0.41333
75,6250,rightLowerArm,-0.0496,-0.04601,-0.25731,-0.96396
75,6250,rightHand,-0.59571,-0.42216,0.19977,-0.65345
75,6250,leftUpperLeg,-0.64774,-0.23277,0.07952,0.72107
75,6250,leftLowerLeg,0.62522,0.04611,-0.17622,0.75889
75,6250,leftFoot,0.35836,0.00876,0.0911,0.92908
75,6250,rightUpperLeg,-0.64252,-0.20783,0.24393,0.69604
75,6250,rightLowerLeg,0.58084,-0.01355,-0.26991,0.76785
75,6250,rightFoot,0.40446,0.07728,0.00656,0.91126
76,6333,hips,0.10415,0.2188,-0.13795,0.96034
76,6333,spine,0.0,0.19315,-0.0,0.98117
76,6333,chest,0.0,0.0,0.0,1.0
76,6333,neck,0.0,0.0,0.0,1.0
76,6333,head,-0.12225,-0.27872,0.21996,0.92682
76,6333,leftUpperArm,0.252,-0.46039,-0.62144,0.58168
76,6333,leftLowerArm,0.34421,-0.21701,0.28429,0.8681
76,6333,leftHand,0.02281,0.36742,-0.00904,-0.92973
76,6333,rightUpperArm,-0.40932,-0.08769,0.82046,0.38938
76,6333,rightLowerArm,-0.04992,-0.0369,-0.25191,-0.96576
76,6333,rightHand,-0.60738,-0.4428,0.19825,-0.62906
76,6333,leftUpperLeg,-0.64025,-0.2461,0.0946,0.7215
76,6333,leftLowerLeg,0.61629,0.04696,-0.18807,0.76329
76,6333,leftFoot,0.36339,0.01393,0.09294,0.92689
76,6333,rightUpperLeg,-0.63974,-0.22382,0.24213,0.69427
76,6333,rightLowerLeg,0.58018,-0.01643,-0.25701,0.7727
76,6333,rightFoot,0.40803,0.08771,-0.00184,0.90874
77,6417,hips,0.10273,0.22597,-0.14449,0.95787
77,6417,spine,-0.0,0.20387,0.0,0.979
77,6417,chest,0.0,-0.0,0.0,1.0
77,6417,neck,0.0,-0.0,0.0,1.0
77,6417,head,-0.12357,-0.28995,0.2228,0.92251
77,6417,leftUpperArm,0.2639,-0.43638,-0.62366,0.59243
77,6417,leftLowerArm,0.34105,-0.2247,0.2833,0.86772
77,6417,leftHand,0.00428,0.39133,-0.00923,-0.92019
77,6417,rightUpperArm,-0.42241,-0.10568,0.81667,0.37874
77,6417,rightLowerArm,-0.05294,-0.03592,-0.24502,-0.9674
77,6417,rightHand,-0.60295,-0.45191,0.19799,-0.62692
77,6417,leftUpperLeg,-0.63794,-0.25508,0.10148,0.71949
77,6417,leftLowerLeg,0.61128,0.04829,-0.19582,0.76528
77,6417,leftFoot,0.36616,0.02086,0.09492,0.92546
77,6417,rightUpperLeg,-0.64017,-0.23516,0.23278,0.69332
77,6417,rightLowerLeg,0.58171,-0.01961,-0.23981,0.77699
77,6417,rightFoot,0.40664,0.09139,-0.00986,0.90895
78,6500,hips,0.1071,0.23341,-0.15044,0.95468
78,6500,spine,-0.0,0.21152,0.0,0.97737
78,6500,chest,0.0,0.0,0.0,1.0
78,6500,neck,0.0,0.0,0.0,1.0
78,6500,head,-0.13607,-0.29096,0.2223,0.92055
78,6500,leftUpperArm,0.27069,-0.42965,-0.62136,0.59669
78,6500,leftLowerArm,0.32695,-0.21863,0.29082,0.8722
78,6500,leftHand,-0.0078,0.42112,-0.00281,-0.90697
78,6500,rightUpperArm,-0.43687,-0.11094,0.81229,0.37017
78,6500,rightLowerArm,-0.03626,-0.02432,-0.24245,-0.96918
78,6500,rightHand,-0.61398,-0.4642,0.18742,-0.61026
78,6500,leftUpperLeg,-0.639,-0.26322,0.10853,0.71457
78,6500,leftLowerLeg,0.60682,0.04907,-0.20389,0.76667
78,6500,leftFoot,0.37125,0.0297,0.09641,0.92304
78,6500,rightUpperLeg,-0.64608,-0.2441,0.22757,0.68644
78,6500,rightLowerLeg,0.58645,-0.02292,-0.23013,0.77627
78,6500,rightFoot,0.40627,0.08861,-0.01541,0.90931
79,6583,hips,0.10842,0.2375,-0.1526,0.95318
79,6583,spine,0.0,0.21197,-0.0,0.97728
79,6583,chest,0.0,-0.0,0.0,1.0
79,6583,neck,0.0,-0.0,0.0,1.0
79,6583,head,-0.13921,-0.29058,0.21999,0.92076
79,6583,leftUpperArm,0.27371,-0.43223,-0.61958,0.5953
79,6583,leftLowerArm,0.33302,-0.22515,0.25962,0.87807
79,6583,leftHand,-0.01622,0.40862,-0.02701,-0.91216
79,6583,rightUpperArm,-0.4435,-0.09528,0.8082,0.37554
79,6583,rightLowerArm,-0.0192,-0.01879,-0.23987,-0.97043
79,6583,rightHand,-0.60243,-0.47115,0.18247,-0.61791
79,6583,leftUpperLeg,-0.63937,-0.2672,0.11127,0.71234
79,6583,leftLowerLeg,0.61031,0.04787,-0.20685,0.76318
79,6583,leftFoot,0.36566,0.03514,0.09586,0.92513
79,6583,rightUpperLeg,-0.6507,-0.24856,0.22392,0.68166
79,6583,rightLowerLeg,0.59244,-0.02425,-0.22725,0.77252
79,6583,rightFoot,0.40592,0.08702,-0.01689,0.9096
80,6667,hips,0.10813,0.2399,-0.15221,0.95267
80,6667,spine,-0.0,0.21268,-0.0,0.97712
80,6667,chest,0.0,-0.0,-0.0,1.0
80,6667,neck,0.0,-0.0,-0.0,1.0
80,6667,head,-0.13956,-0.29039,0.21664,0.92155
80,6667,leftUpperArm,0.27564,-0.43321,-0.61826,0.59507
80,6667,leftLowerArm,0.33702,-0.23002,0.24777,0.8787
80,6667,leftHand,-0.01582,0.40359,-0.03081,-0.91429
80,6667,rightUpperArm,-0.4465,-0.09152,0.80595,0.37777
80,6667,rightLowerArm,-0.01238,-0.0162,-0.23913,-0.97077
80,6667,rightHand,-0.59553,-0.47039,0.18008,-0.62582
80,6667,leftUpperLeg,-0.63825,-0.26852,0.11341,0.71251
80,6667,leftLowerLeg,0.60869,0.04891,-0.2127,0.76279
80,6667,leftFoot,0.3633,0.03864,0.09835,0.92566
80,6667,rightUpperLeg,-0.65151,-0.25089,0.21893,0.68165
80,6667,rightLowerLeg,0.59308,-0.02491,-0.22251,0.77338
80,6667,rightFoot,0.40282,0.08501,-0.01861,0.91113
81,6750,hips,0.10936,0.24062,-0.14981,0.95273
81,6750,spine,0.0,0.20905,0.0,0.97791
81,6750,chest,0.0,0.0,0.0,1.0
81,6750,neck,0.0,0.0,0.0,1.0
81,6750,head,-0.13801,-0.28799,0.21386,0.92319
81,6750,leftUpperArm,0.27312,-0.44073,-0.61702,0.59198
81,6750,leftLowerArm,0.34002,-0.23087,0.24869,0.87707
81,6750,leftHand,-0.00074,0.39422,-0.02808,-0.91859
81,6750,rightUpperArm,-0.44548,-0.0824,0.8058,0.38136
81,6750,rightLowerArm,-0.01823,-0.02176,-0.23622,-0.97129
81,6750,rightHand,-0.59443,-0.44315,0.18755,-0.64428
81,6750,leftUpperLeg,-0.63901,-0.2681,0.10813,0.71281
81,6750,leftLowerLeg,0.61039,0.04789,-0.20805,0.76279
81,6750,leftFoot,0.35866,0.03792,0.09664,0.92768
81,6750,rightUpperLeg,-0.65221,-0.24963,0.21846,0.68161
81,6750,rightLowerLeg,0.59357,-0.02442,-0.22573,0.77209
81,6750,rightFoot,0.40102,0.08501,-0.017,0.91196
82,6833,hips,0.10771,0.24112,-0.14479,0.95357
82,6833,spine,-0.0,0.20092,0.0,0.97961
82,6833,chest,0.0,-0.0,0.0,1.0
82,6833,neck,0.0,-0.0,0.0,1.0
82,6833,head,-0.1311,-0.27973,0.21543,0.92637
82,6833,leftUpperArm,0.26945,-0.45951,-0.61251,0.58402
82,6833,leftLowerArm,0.34206,-0.23098,0.2256,0.88247
82,6833,leftHand,0.00693,0.3686,-0.05334,-0.92803
82,6833,rightUpperArm,-0.43946,-0.07098,0.809,0.38388
82,6833,rightLowerArm,-0.01999,-0.0248,-0.23232,-0.97212
82,6833,rightHand,-0.58893,-0.39535,0.18475,-0.68024
82,6833,leftUpperLeg,-0.63768,-0.26601,0.10374,0.71543
82,6833,leftLowerLeg,0.60907,0.04794,-0.2078,0.76391
82,6833,leftFoot,0.35842,0.03121,0.09719,0.92796
82,6833,rightUpperLeg,-0.64643,-0.24722,0.21955,0.68761
82,6833,rightLowerLeg,0.58494,-0.02229,-0.23157,0.777
82,6833,rightFoot,0.40702,0.08531,-0.014,0.90932
83,6917,hips,0.12123,0.23642,-0.1304,0.9552
83,6917,spine,0.0,0.16814,0.0,0.98576
83,6917,chest,0.0,0.0,0.0,1.0
83,6917,neck,0.0,0.0,0.0,1.0
83,6917,head,-0.13078,-0.25303,0.20836,0.93566
83,6917,leftUpperArm,0.23774,-0.46534,-0.62511,0.57982
83,6917,leftLowerArm,0.34461,-0.22847,0.22451,0.8824
83,6917,leftHand,0.02397,0.34786,-0.05408,-0.93568
83,6917,rightUpperArm,-0.41186,-0.0544,0.80932,0.41522
83,6917,rightLowerArm,-0.04911,-0.04495,-0.2502,-0.9659
83,6917,rightHand,-0.58241,-0.37679,0.21723,-0.68676
83,6917,leftUpperLeg,-0.64681,-0.25281,0.09476,0.71327
83,6917,leftLowerLeg,0.60929,0.04732,-0.2073,0.7639
83,6917,leftFoot,0.35783,0.02161,0.09801,0.92838
83,6917,rightUpperLeg,-0.64159,-0.23135,0.22456,0.69599
83,6917,rightLowerLeg,0.56695,-0.01941,-0.24569,0.78602
83,6917,rightFoot,0.41315,0.08696,-0.0077,0.90647
84,7000,hips,0.1224,0.23186,-0.11669,0.95794
84,7000,spine,0.0,0.13643,0.0,0.99065
84,7000,chest,0.0,0.0,-0.0,1.0
84,7000,neck,0.0,0.0,-0.0,1.0
84,7000,head,-0.11891,-0.21793,0.20763,0.94618
84,7000,leftUpperArm,0.21406,-0.47928,-0.63085,0.5714
84,7000,leftLowerArm,0.36614,-0.23612,0.22476,0.87159
84,7000,leftHand,0.11135,0.31886,-0.09753,-0.93617
84,7000,rightUpperArm,-0.37892,-0.05248,0.80923,0.44589
84,7000,rightLowerArm,-0.06259,-0.05566,-0.28232,-0.95566
84,7000,rightHand,-0.58853,-0.361,0.23873,-0.68288
84,7000,leftUpperLeg,-0.65805,-0.24059,0.08613,0.70829
84,7000,leftLowerLeg,0.61994,0.04962,-0.21236,0.75373
84,7000,leftFoot,0.36462,0.00983,0.10182,0.92552
84,7000,rightUpperLeg,-0.63782,-0.21637,0.23942,0.69932
84,7000,rightLowerLeg,0.55754,-0.01162,-0.28369,0.78009
84,7000,rightFoot,0.42256,0.08477,0.01028,0.9023
85,7083,hips,0.11033,0.23082,-0.11284,0.96011
85,7083,spine,0.0,0.08847,0.0,0.99608
85,7083,chest,0.0,0.0,0.0,1.0
85,7083,neck,0.0,0.0,0.0,1.0
85,7083,head,-0.08772,-0.19177,0.21798,0.9529
85,7083,leftUpperArm,0.18546,-0.46308,-0.62781,0.59751
85,7083,leftLowerArm,0.37648,-0.25918,0.18566,0.86984
85,7083,leftHand,0.20154,0.34417,-0.12517,-0.90844
85,7083,rightUpperArm,-0.32683,-0.06223,0.80438,0.49222
85,7083,rightLowerArm,-0.12882,-0.11117,-0.329,-0.92887
85,7083,rightHand,-0.56115,-0.24834,0.23711,-0.75314
85,7083,leftUpperLeg,-0.65265,-0.23661,0.09974,0.71282
85,7083,leftLowerLeg,0.61287,0.05342,-0.23503,0.75253
85,7083,leftFoot,0.37914,0.02384,0.10709,0.91881
85,7083,rightUpperLeg,-0.61615,-0.21142,0.27207,0.70826
85,7083,rightLowerLeg,0.53404,-0.00077,-0.33654,0.77559
85,7083,rightFoot,0.44275,0.09309,0.03359,0.89117
86,7167,hips,0.08658,0.22878,-0.10645,0.96376
86,7167,spine,0.0,0.02228,-0.0,0.99975
86,7167,chest,0.0,-0.0,0.0,1.0
86,7167,neck,0.0,-0.0,0.0,1.0
86,7167,head,-0.0455,-0.15682,0.21,0.96397
86,7167,leftUpperArm,0.15416,-0.41816,-0.63879,0.62716
86,7167,leftLowerArm,0.38347,-0.26974,0.17972,0.8648
86,7167,leftHand,-0.04671,0.30718,-0.1194,-0.94298
86,7167,rightUpperArm,-0.24973,-0.06591,0.78309,0.56574
86,7167,rightLowerArm,-0.22613,-0.21751,-0.36855,-0.87506
86,7167,rightHand,-0.47703,-0.14746,0.22007,-0.83802
86,7167,leftUpperLeg,-0.643,-0.23365,0.09909,0.72259
86,7167,leftLowerLeg,0.60459,0.05679,-0.24008,0.75737
86,7167,leftFoot,0.39495,0.0409,0.10557,0.9117
86,7167,rightUpperLeg,-0.57666,-0.21011,0.3,0.73028
86,7167,rightLowerLeg,0.50829,0.00416,-0.3781,0.77373
86,7167,rightFoot,0.44912,0.10515,0.05019,0.88584
87,7250,hips,0.06475,0.21582,-0.08252,0.97078
87,7250,spine,-0.0,-0.01249,0.0,0.99992
87,7250,chest,0.0,0.0,0.0,1.0
87,7250,neck,0.0,0.0,0.0,1.0
87,7250,head,-0.01801,-0.12472,0.17238,0.97694
87,7250,leftUpperArm,0.12848,-0.37522,-0.66007,0.63798
87,7250,leftLowerArm,0.38734,-0.28316,0.16918,0.86091
87,7250,leftHand,-0.08978,0.30455,-0.09828,-0.94315
87,7250,rightUpperArm,-0.19144,-0.05946,0.73751,0.6449
87,7250,rightLowerArm,-0.27308,-0.30259,-0.39515,-0.82324
87,7250,rightHand,-0.39124,-0.19003,0.26434,-0.86078
87,7250,leftUpperLeg,-0.63623,-0.21379,0.06646,0.73831
87,7250,leftLowerLeg,0.62679,0.0535,-0.21452,0.74716
87,7250,leftFoot,0.38554,0.0215,0.09963,0.91704
87,7250,rightUpperLeg,-0.55774,-0.19616,0.28484,0.75453
87,7250,rightLowerLeg,0.51151,0.00505,-0.37755,0.77187
87,7250,rightFoot,0.43868,0.121,0.05179,0.88895
88,7333,hips,0.06546,0.20574,-0.06741,0.97409
88,7333,spine,-0.0,-0.02989,-0.0,0.99955
88,7333,chest,0.0,-0.0,0.0,1.0
88,7333,neck,0.0,-0.0,0.0,1.0
88,7333,head,-0.02129,-0.09385,0.14834,0.98424
88,7333,leftUpperArm,0.1029,-0.34926,-0.66735,0.64967
88,7333,leftLowerArm,0.39385,-0.30702,0.14158,0.85474
88,7333,leftHand,-0.11328,0.2923,-0.09727,-0.9446
88,7333,rightUpperArm,-0.16895,-0.04514,0.7107,0.68141
88,7333,rightLowerArm,-0.34492,-0.39554,-0.32042,-0.78861
88,7333,rightHand,-0.08163,-0.18165,0.26786,-0.94265
88,7333,leftUpperLeg,-0.6385,-0.19876,0.03422,0.74273
88,7333,leftLowerLeg,0.62881,0.04703,-0.17582,0.75596
88,7333,leftFoot,0.38128,0.03056,0.08374,0.92015
88,7333,rightUpperLeg,-0.57021,-0.18027,0.27301,0.75354
88,7333,rightLowerLeg,0.50459,0.01342,-0.37414,0.77797
88,7333,rightFoot,0.42784,0.11702,0.05307,0.89467
89,7417,hips,0.06791,0.19564,-0.05246,0.97691
89,7417,spine,0.0,-0.03731,-0.0,0.9993
89,7417,chest,0.0,-0.0,0.0,1.0
89,7417,neck,0.0,-0.0,0.0,1.0
89,7417,head,-0.03962,-0.06774,0.12783,0.98869
89,7417,leftUpperArm,0.08557,-0.33385,-0.68133,0.64576
89,7417,leftLowerArm,0.39927,-0.31339,0.13646,0.85073
89,7417,leftHand,-0.12303,0.28966,-0.09541,-0.94438
89,7417,rightUpperArm,-0.15721,-0.03147,0.69084,0.70501
89,7417,rightLowerArm,-0.35525,-0.41873,-0.28488,-0.78569
89,7417,rightHand,-0.12608,-0.18616,0.26132,-0.9387
89,7417,leftUpperLeg,-0.63285,-0.18489,-0.00484,0.75186
89,7417,leftLowerLeg,0.61714,0.03676,-0.1234,0.77624
89,7417,leftFoot,0.37493,0.04414,0.06223,0.92391
89,7417,rightUpperLeg,-0.57857,-0.16449,0.25842,0.75592
89,7417,rightLowerLeg,0.49554,0.01278,-0.35286,0.79357
89,7417,rightFoot,0.42223,0.0956,0.03937,0.90057
90,7500,hips,0.07406,0.18487,-0.03273,0.97942
90,7500,spine,0.0,-0.04421,0.0,0.99902
90,7500,chest,0.0,-0.0,0.0,1.0
90,7500,neck,0.0,-0.0,0.0,1.0
90,7500,head,-0.05659,-0.0341,0.10353,0.99243
90,7500,leftUpperArm,0.06366,-0.3101,-0.69598,0.64451
90,7500,leftLowerArm,0.40809,-0.33157,0.11693,0.84252
90,7500,leftHand,-0.13687,0.28032,-0.10215,-0.94459
90,7500,rightUpperArm,-0.14986,-0.01664,0.68361,0.7141
90,7500,rightLowerArm,-0.37733,-0.4336,-0.2445,-0.78092
90,7500,rightHand,-0.15727,-0.17045,0.21066,-0.94965
90,7500,leftUpperLeg,-0.61424,-0.16906,-0.04327,0.76958
90,7500,leftLowerLeg,0.5949,0.02477,-0.07246,0.80015
90,7500,leftFoot,0.35959,0.04499,0.04191,0.93108
90,7500,rightUpperLeg,-0.57476,-0.14707,0.23267,0.77064
90,7500,rightLowerLeg,0.47648,0.00767,-0.31729,0.8199
90,7500,rightFoot,0.42626,0.07447,0.02018,0.9013
91,7583,hips,0.08448,0.1792,-0.01288,0.98009
91,7583,spine,-0.0,-0.03646,-0.0,0.99934
91,7583,chest,0.0,-0.0,0.0,1.0
91,7583,neck,0.0,-0.0,0.0,1.0
91,7583,head,-0.07498,-0.0134,0.07901,0.99396
91,7583,leftUpperArm,0.05285,-0.29096,-0.70725,0.64214
91,7583,leftLowerArm,0.38731,-0.33118,0.07592,0.85706
91,7583,leftHand,-0.13752,0.21856,-0.07556,-0.96313
91,7583,rightUpperArm,-0.15971,-0.01629,0.68294,0.71261
91,7583,rightLowerArm,-0.39039,-0.42643,-0.21667,-0.78665
91,7583,rightHand,-0.24431,-0.24536,0.19795,-0.91702
91,7583,leftUpperLeg,-0.60038,-0.15696,-0.07336,0.78072
91,7583,leftLowerLeg,0.57601,0.01643,-0.03902,0.81635
91,7583,leftFoot,0.35409,0.04279,0.02759,0.93382
91,7583,rightUpperLeg,-0.57508,-0.13166,0.21253,0.77896
91,7583,rightLowerLeg,0.46355,0.00199,-0.29515,0.83546
91,7583,rightFoot,0.43365,0.05655,0.00517,0.89929
92,7667,hips,0.09045,0.17733,-0.0018,0.97998
92,7667,spine,-0.0,-0.03147,-0.0,0.9995
92,7667,chest,0.0,0.0,0.0,1.0
92,7667,neck,0.0,0.0,0.0,1.0
92,7667,head,-0.08655,-0.01293,0.06863,0.9938
92,7667,leftUpperArm,0.0487,-0.2806,-0.71371,0.63993
92,7667,leftLowerArm,0.34851,-0.3075,0.03564,0.88471
92,7667,leftHand,-0.17741,0.21242,-0.08218,-0.95742
92,7667,rightUpperArm,-0.1666,-0.01625,0.68239,0.71157
92,7667,rightLowerArm,-0.39122,-0.41627,-0.209,-0.79372
92,7667,rightHand,-0.28635,-0.27171,0.1757,-0.90183
92,7667,leftUpperLeg,-0.59564,-0.15091,-0.0856,0.78429
92,7667,leftLowerLeg,0.56864,0.01361,-0.02906,0.82196
92,7667,leftFoot,0.35172,0.03778,0.02286,0.93506
92,7667,rightUpperLeg,-0.57784,-0.12371,0.20226,0.78095
92,7667,rightLowerLeg,0.46186,-0.0045,-0.28103,0.84124
92,7667,rightFoot,0.43257,0.04334,-0.00765,0.90053
93,7750,hips,0.09305,0.1756,0.00681,0.98003
93,7750,spine,0.0,-0.03104,-0.0,0.99952
93,7750,chest,0.0,-0.0,0.0,1.0
93,7750,neck,0.0,-0.0,0.0,1.0
93,7750,head,-0.09411,-0.0137,0.06201,0.99353
93,7750,leftUpperArm,0.04512,-0.26793,-0.7222,0.63608
93,7750,leftLowerArm,0.33711,-0.29859,0.02669,0.89246
93,7750,leftHand,-0.1904,0.21256,-0.08247,-0.95486
93,7750,rightUpperArm,-0.16768,-0.01412,0.67864,0.71494
93,7750,rightLowerArm,-0.3895,-0.41094,-0.19919,-0.79984
93,7750,rightHand,-0.31362,-0.28585,0.17207,-0.889
93,7750,leftUpperLeg,-0.59016,-0.14626,-0.09657,0.78803
93,7750,leftLowerLeg,0.56383,0.01094,-0.01874,0.82561
93,7750,leftFoot,0.34777,0.0334,0.01806,0.93681
93,7750,rightUpperLeg,-0.57913,-0.11765,0.19543,0.78267
93,7750,rightLowerLeg,0.46253,-0.00806,-0.27469,0.84294
93,7750,rightFoot,0.42868,0.03644,-0.01397,0.90261
94,7833,hips,0.09478,0.17348,0.01306,0.98018
94,7833,spine,-0.0,-0.03137,-0.0,0.99951
94,7833,chest,0.0,0.0,0.0,1.0
94,7833,neck,0.0,0.0,0.0,1.0
94,7833,head,-0.09934,-0.01063,0.05782,0.99332
94,7833,leftUpperArm,0.041,-0.2585,-0.72574,0.63624
94,7833,leftLowerArm,0.33187,-0.29731,0.01774,0.89507
94,7833,leftHand,-0.19804,0.21259,-0.08409,-0.95316
94,7833,rightUpperArm,-0.16743,-0.01032,0.67865,0.71505
94,7833,rightLowerArm,-0.39355,-0.40985,-0.19422,-0.79964
94,7833,rightHand,-0.32191,-0.28029,0.17091,-0.88803
94,7833,leftUpperLeg,-0.5919,-0.14106,-0.09928,0.78734
94,7833,leftLowerLeg,0.57301,0.01022,-0.01927,0.81926
94,7833,leftFoot,0.34237,0.02423,0.01722,0.93909
94,7833,rightUpperLeg,-0.58532,-0.11179,0.19093,0.78003
94,7833,rightLowerLeg,0.47303,-0.01412,-0.26773,0.83926
94,7833,rightFoot,0.42271,0.02632,-0.02239,0.90561
95,7917,hips,0.09724,0.17246,0.01595,0.98008
95,7917,spine,0.0,-0.03516,-0.0,0.99938
95,7917,chest,0.0,0.0,0.0,1.0
95,7917,neck,0.0,0.0,0.0,1.0
95,7917,head,-0.10616,-0.01577,0.06014,0.9924
95,7917,leftUpperArm,0.03546,-0.2521,-0.72774,0.63685
95,7917,leftLowerArm,0.32694,-0.29423,0.0117,0.898
95,7917,leftHand,-0.21207,0.20551,-0.09487,-0.95068
95,7917,rightUpperArm,-0.16594,-0.00461,0.678,0.71607
95,7917,rightLowerArm,-0.39329,-0.40856,-0.19275,-0.80078
95,7917,rightHand,-0.32801,-0.27668,0.17483,-0.88617
95,7917,leftUpperLeg,-0.59393,-0.13852,-0.09904,0.78629
95,7917,leftLowerLeg,0.57892,0.0073,-0.01691,0.81517
95,7917,leftFoot,0.33622,0.01799,0.01255,0.94153
95,7917,rightUpperLeg,-0.58666,-0.10843,0.19267,0.77907
95,7917,rightLowerLeg,0.47369,-0.01665,-0.26783,0.83881
95,7917,rightFoot,0.41952,0.02614,-0.02626,0.90699
