frame,timestamp_ms,left_elbow_flexion,right_elbow_flexion,left_knee_flexion,right_knee_flexion,left_shoulder_abduction,right_shoulder_abduction,left_thumb_J1_flexion_deg,left_thumb_J2_flexion_deg,left_thumb_J3_flexion_deg,left_index_J1_flexion_deg,left_index_J2_flexion_deg,left_index_J3_flexion_deg,left_middle_J1_flexion_deg,left_middle_J2_flexion_deg,left_middle_J3_flexion_deg,left_ring_J1_flexion_deg,left_ring_J2_flexion_deg,left_ring_J3_flexion_deg,left_little_J1_flexion_deg,left_little_J2_flexion_deg,left_little_J3_flexion_deg,right_thumb_J1_flexion_deg,right_thumb_J2_flexion_deg,right_thumb_J3_flexion_deg,right_index_J1_flexion_deg,right_index_J2_flexion_deg,right_index_J3_flexion_deg,right_middle_J1_flexion_deg,right_middle_J2_flexion_deg,right_middle_J3_flexion_deg,right_ring_J1_flexion_deg,right_ring_J2_flexion_deg,right_ring_J3_flexion_deg,right_little_J1_flexion_deg,right_little_J2_flexion_deg,right_little_J3_flexion_deg
0,0,145.94,127.06,112.66,115.29,17.12,16.06,12.04,27.42,9.75,56.13,37.43,26.28,59.95,47.7,10.2,63.0,46.67,15.36,57.19,34.51,21.95,36.88,8.9,4.89,54.05,43.03,0.49,44.44,45.38,27.91,50.78,37.04,29.91,55.29,26.51,36.1
1,83,145.24,126.85,112.05,114.34,17.22,15.77,12.79,27.73,8.7,55.64,40.03,22.97,59.43,46.82,10.93,63.75,43.45,15.84,57.05,34.29,23.48,32.22,13.77,8.09,54.76,38.11,5.81,47.38,39.19,24.44,53.24,34.68,24.24,57.55,23.11,31.15
2,167,144.53,126.93,111.66,114.17,16.68,15.01,15.69,27.34,8.56,54.52,43.82,19.5,59.33,46.32,11.33,65.47,39.37,16.94,57.33,33.94,24.04,26.57,17.42,11.16,57.61,30.97,8.43,50.84,33.22,20.45,55.7,28.25,22.12,59.07,18.83,20.61
3,250,143.91,126.77,111.48,113.57,16.47,15.54,18.09,27.18,9.34,53.23,46.71,18.63,59.55,44.51,13.17,66.81,36.4,17.68,57.97,32.55,23.92,22.06,19.94,13.72,61.17,25.4,10.25,53.12,29.95,17.7,57.9,23.92,21.14,61.27,15.84,15.26
4,333,143.37,126.85,111.88,113.76,15.64,16.14,19.52,27.57,10.32,52.61,49.41,20.64,60.22,43.13,16.69,68.11,35.05,18.49,58.02,33.93,21.69,19.97,22.03,15.06,63.54,21.88,13.09,54.35,28.68,17.41,60.26,20.8,19.68,63.19,13.28,13.59
5,417,142.94,126.57,111.68,112.92,15.29,17.34,20.86,29.03,11.24,53.47,52.39,22.48,61.35,43.52,18.73,70.3,34.13,19.04,57.39,36.03,19.58,18.69,24.29,14.92,65.79,21.46,14.92,55.92,27.57,18.32,62.81,19.82,19.12,65.0,13.03,14.17
6,500,142.77,126.13,112.87,112.88,15.2,18.72,20.09,32.43,12.01,54.92,55.42,23.25,63.41,44.54,20.03,72.94,32.93,20.39,59.36,35.81,18.83,18.83,26.84,14.39,68.06,22.05,16.29,56.97,27.51,19.53,64.37,20.69,18.91,66.56,13.7,16.1
7,583,141.73,125.67,113.56,113.5,13.97,18.86,20.19,34.55,10.07,56.28,56.4,23.07,64.66,44.21,19.35,74.34,31.34,21.35,62.39,34.92,19.94,20.45,28.34,13.55,70.65,22.14,19.96,59.18,29.07,22.41,66.6,23.76,20.37,70.06,14.44,19.88
8,667,141.12,124.66,113.85,113.65,13.56,19.17,19.14,35.85,7.76,57.63,53.27,26.02,65.46,42.41,19.24,74.76,31.23,20.48,65.12,32.77,19.27,21.19,30.69,10.92,73.13,21.71,22.7,61.21,31.89,23.11,68.8,26.79,21.64,73.36,15.1,22.91
9,750,141.19,123.04,112.37,112.14,13.55,19.65,20.93,33.65,7.6,57.4,50.16,28.53,65.17,40.66,20.62,74.35,31.47,19.48,66.04,34.37,19.5,19.03,32.24,9.57,74.86,22.31,24.33,63.69,32.53,24.38,69.91,29.36,24.83,74.35,17.37,22.03
10,833,141.14,121.01,112.07,111.06,13.7,19.87,22.76,31.34,7.84,56.94,48.01,30.18,64.75,39.46,21.91,73.89,31.73,18.87,66.39,36.23,19.88,19.03,29.82,9.99,70.35,26.96,22.9,61.17,34.76,26.1,65.31,34.57,22.95,70.14,21.77,21.91
11,917,140.41,119.25,111.21,110.12,12.87,19.59,22.3,30.94,7.36,54.96,45.44,27.77,61.45,41.04,17.83,69.72,34.25,19.05,67.21,34.02,21.23,20.13,27.87,16.4,60.15,26.67,16.4,52.07,28.11,33.49,53.51,32.1,24.01,57.68,22.33,14.98
12,1000,137.11,117.55,109.1,108.55,13.88,18.65,21.85,31.77,9.44,53.6,43.48,25.68,58.43,43.26,14.02,66.06,36.49,19.8,67.72,32.64,22.7,21.06,26.41,23.5,51.37,25.25,10.12,44.58,22.51,40.74,44.12,28.78,25.89,48.7,23.61,9.65
13,1083,137.04,117.89,107.94,106.73,12.68,18.15,20.98,29.9,6.22,53.17,41.54,23.43,55.68,45.43,13.58,62.74,37.25,19.86,66.95,30.87,21.08,26.67,29.49,20.61,41.46,32.53,7.55,40.27,23.25,37.36,41.62,26.6,24.24,44.3,20.01,12.36
14,1167,136.97,123.72,107.42,106.12,12.86,21.99,22.39,28.53,4.97,52.76,41.79,21.23,54.73,45.38,14.08,61.81,36.97,19.14,66.01,27.97,22.47,31.76,32.69,16.55,35.85,39.01,6.88,39.02,25.01,33.04,41.98,25.26,22.94,43.39,17.44,16.31
15,1250,136.91,127.97,104.02,103.59,14.45,27.16,23.73,26.85,4.36,52.43,42.66,22.49,53.89,46.95,14.97,61.38,38.16,18.74,66.03,27.31,24.41,31.33,32.34,21.55,30.65,34.53,8.61,32.92,17.42,41.56,33.73,22.95,27.28,35.36,15.0,12.14
16,1333,141.56,137.71,102.52,104.56,15.3,36.86,25.16,24.35,3.04,52.73,44.8,22.72,55.27,46.89,16.08,62.45,40.32,16.22,67.24,29.19,25.1,30.73,31.21,27.18,27.15,28.98,9.77,27.93,11.33,52.04,27.06,21.37,31.53,28.66,14.07,12.11
17,1417,143.99,145.28,101.64,104.15,14.57,46.53,26.55,21.26,4.84,53.23,47.49,21.18,56.27,46.67,17.9,63.34,42.83,13.63,67.96,31.79,25.9,35.6,31.02,25.71,23.92,29.49,8.96,26.55,12.89,45.67,26.5,20.22,28.06,28.36,12.97,10.64
18,1500,145.81,150.66,102.82,104.57,14.67,54.23,26.96,19.23,7.78,53.91,49.94,19.53,56.82,48.11,19.49,63.66,45.53,12.34,68.63,33.17,27.54,34.95,29.7,27.19,25.58,31.79,7.46,28.89,15.3,37.38,28.98,19.64,28.51,31.28,12.4,10.17
19,1583,148.91,154.55,102.54,104.27,14.12,59.5,26.61,19.17,9.7,54.84,50.7,20.8,57.97,49.05,21.68,64.15,47.18,13.82,69.58,33.62,32.53,34.54,29.25,29.03,28.09,32.9,8.04,30.64,17.99,31.59,31.54,18.97,28.94,34.41,12.13,9.36
20,1667,150.45,156.4,103.97,104.24,13.31,62.28,26.36,19.3,8.93,55.53,51.4,21.77,58.76,48.55,23.57,65.05,48.31,14.44,71.73,32.75,35.91,34.57,31.46,27.93,30.26,34.16,8.75,32.86,19.17,28.42,33.43,19.05,28.32,37.36,13.49,7.91
21,1750,150.23,157.2,104.18,103.1,10.4,64.37,24.88,21.22,6.59,56.92,51.3,23.2,60.12,47.39,24.53,66.26,49.18,15.14,74.35,32.62,35.74,36.07,33.51,25.67,32.49,33.54,8.37,35.05,20.12,26.19,35.08,20.2,25.71,38.62,13.65,8.45
22,1833,149.59,157.18,106.28,102.82,8.53,66.55,24.09,22.37,5.77,57.71,51.8,23.83,61.05,46.93,24.55,66.82,49.42,17.03,76.07,32.8,36.56,38.27,34.75,25.27,33.84,33.0,11.6,37.13,20.74,24.28,37.25,20.36,23.66,40.52,13.17,11.43
23,1917,149.27,156.57,106.61,102.24,7.42,67.54,22.62,24.3,5.05,57.97,52.13,25.3,61.04,46.06,25.68,66.4,50.27,18.33,77.14,32.02,36.68,38.65,34.43,23.74,34.6,34.23,14.9,38.84,21.66,24.31,38.73,21.47,22.12,42.06,13.09,15.82
24,2000,148.79,156.81,106.35,102.2,7.16,68.53,21.65,25.08,4.42,57.98,52.01,26.06,61.42,44.71,26.35,66.24,51.06,17.85,77.73,31.25,36.58,39.45,34.12,23.58,36.39,34.08,19.17,40.91,21.62,25.0,40.31,22.1,21.58,43.3,12.87,18.22
25,2083,149.46,156.69,106.18,102.19,5.58,69.06,21.17,25.73,3.97,57.36,51.78,27.71,61.24,43.38,27.14,65.68,52.21,16.39,77.39,31.0,35.44,38.45,32.81,24.08,38.34,32.48,22.03,42.48,21.98,24.6,41.76,22.33,20.44,44.52,13.54,19.2
26,2167,150.54,157.0,106.02,101.98,4.67,70.11,21.06,26.01,3.26,57.2,51.35,29.03,61.49,42.26,27.84,65.94,52.58,15.25,76.98,30.42,34.1,37.77,30.16,25.16,40.38,31.56,22.86,43.9,23.06,22.94,43.55,21.22,20.2,45.64,14.66,18.21
27,2250,150.24,156.69,105.8,102.32,4.11,70.37,20.53,26.52,2.07,57.56,50.42,30.08,62.05,41.2,27.74,66.15,53.1,14.58,77.61,28.73,33.82,36.78,27.53,25.27,42.06,32.15,23.77,45.8,24.18,21.73,45.69,20.38,20.14,46.84,15.37,17.07
28,2333,150.6,156.66,105.31,102.06,4.04,70.66,19.42,27.3,1.63,58.26,49.94,31.14,62.62,41.62,27.27,66.54,53.32,14.4,77.98,27.99,34.21,36.23,25.45,25.02,43.98,33.39,23.31,48.2,25.27,21.79,47.89,20.44,22.09,48.53,15.64,13.9
29,2417,149.95,156.42,103.66,100.57,4.31,70.12,18.52,27.61,1.71,58.74,50.75,31.05,63.24,42.21,27.6,67.23,53.87,13.76,78.1,28.26,34.58,36.29,25.43,24.6,45.48,33.93,21.55,48.38,28.25,20.88,48.06,22.55,25.08,49.58,14.78,14.37
30,2500,146.15,152.69,100.94,99.38,2.94,67.43,18.49,27.11,2.84,58.99,51.39,29.82,62.89,43.51,27.49,66.78,54.0,14.49,77.34,29.14,35.36,34.3,27.66,23.03,43.48,37.36,19.94,47.73,28.91,22.44,48.19,23.33,26.55,48.72,14.66,16.62
31,2583,143.41,149.28,102.14,99.65,4.11,65.49,18.5,27.25,1.79,59.23,51.25,30.15,63.2,43.37,27.34,67.13,53.61,14.38,77.5,29.2,34.59,35.0,27.71,24.59,40.31,36.5,19.15,45.7,27.33,22.49,46.71,23.27,25.14,47.93,14.72,17.89
32,2667,139.99,144.05,102.94,100.44,7.28,62.66,18.06,27.99,1.44,59.56,50.96,30.34,63.27,42.75,27.81,67.06,52.58,15.3,77.42,28.78,34.98,33.44,28.42,23.54,34.64,34.47,9.72,39.22,24.48,23.3,42.9,22.13,23.02,45.66,15.03,18.65
33,2750,136.06,134.95,103.32,101.75,8.77,57.52,18.66,27.56,2.3,59.04,50.92,30.62,63.14,40.83,29.49,67.38,51.86,14.84,77.82,26.86,34.45,31.88,29.05,22.12,29.92,32.96,10.01,33.56,22.13,24.5,39.59,21.17,21.44,43.71,15.53,19.22
34,2833,136.99,125.57,103.5,103.97,10.99,52.9,18.95,26.79,1.62,58.51,51.47,30.77,62.51,39.93,31.74,66.69,52.6,13.93,78.09,26.35,33.79,30.78,29.48,21.03,26.78,32.06,13.31,29.74,20.58,25.49,37.34,20.54,20.47,42.41,15.95,19.61
35,2917,135.95,110.96,103.0,104.33,8.61,46.09,19.6,25.38,1.44,57.02,52.42,30.81,60.37,41.91,32.86,65.62,53.75,13.02,76.45,29.37,32.2,30.11,29.73,20.33,24.89,31.56,16.24,27.44,19.67,26.17,35.99,20.18,19.92,41.63,16.23,19.84
36,3000,138.15,101.85,102.67,104.68,6.9,41.74,20.98,24.18,2.48,55.68,52.74,30.28,59.21,42.09,33.78,65.66,53.86,11.22,75.35,31.82,30.06,33.16,29.9,20.15,30.35,35.14,14.37,31.0,23.2,34.26,37.08,26.35,30.12,42.82,19.02,24.19
37,3083,147.12,93.93,103.93,106.41,8.65,37.61,22.71,22.58,4.38,54.5,54.08,29.74,57.58,44.59,34.7,65.81,53.89,11.5,75.12,34.01,30.35,36.17,29.65,21.02,35.71,39.41,21.43,34.92,27.78,43.65,38.67,32.97,40.53,44.05,22.27,29.41
38,3167,151.41,87.67,107.22,108.89,10.36,34.18,23.88,21.99,5.7,54.1,54.91,27.96,57.57,45.84,34.1,66.65,51.82,12.64,74.98,35.5,30.26,38.21,29.32,21.96,39.42,42.75,28.06,37.73,31.69,50.75,39.93,38.0,47.65,44.91,24.78,33.61
39,3250,153.93,84.76,112.74,111.94,11.2,31.78,25.12,21.56,7.43,53.81,56.4,25.72,56.97,48.04,33.04,67.39,49.95,14.53,74.46,37.84,30.13,39.42,29.06,22.64,41.66,44.94,32.49,39.47,34.42,55.22,40.74,41.27,51.84,45.43,26.42,36.42
40,3333,155.02,83.16,113.11,112.52,11.43,30.14,24.9,21.94,7.72,52.94,58.02,23.21,56.41,49.08,31.58,66.78,49.28,15.37,74.62,36.41,31.96,40.09,28.89,23.07,42.92,46.25,35.1,40.47,36.12,57.79,41.21,43.22,54.15,45.73,27.39,38.12
41,3417,156.96,82.18,113.16,112.92,11.61,29.64,24.78,21.65,7.56,52.91,58.29,21.76,56.88,48.84,30.6,67.04,47.97,15.85,74.09,36.05,31.9,37.03,27.1,22.47,44.16,41.36,25.55,42.95,35.05,41.27,43.38,35.82,43.64,46.93,24.54,28.32
42,3500,158.16,81.67,113.74,112.94,11.86,29.39,23.91,21.95,7.74,53.21,57.55,22.05,57.39,47.98,30.81,67.23,46.5,16.63,72.87,35.36,31.78,34.26,25.49,22.52,44.71,37.74,18.38,44.79,33.39,29.63,45.02,29.8,35.16,47.48,21.57,21.27
43,3583,156.87,81.0,117.1,116.67,11.66,28.59,23.11,22.29,7.36,54.1,56.25,23.39,58.43,47.48,30.3,67.41,46.22,16.51,72.68,35.07,31.92,29.63,26.28,22.7,45.88,36.44,15.08,45.38,36.37,22.16,46.65,28.32,27.76,49.86,18.67,20.01
44,3667,156.42,80.72,119.01,117.52,11.83,28.24,23.37,22.15,8.97,54.84,55.44,24.67,59.79,47.08,29.42,68.46,46.34,15.03,73.04,35.6,31.41,23.26,26.23,26.33,44.71,32.57,16.85,44.07,38.53,19.41,45.61,27.52,25.03,50.4,17.99,17.33
45,3750,156.18,80.3,119.94,117.72,11.91,27.52,23.41,21.98,10.55,55.3,56.64,25.45,60.38,48.53,29.09,68.76,46.18,15.82,71.48,37.81,31.46,18.51,24.7,28.67,43.77,31.0,17.53,43.1,37.89,19.39,44.48,27.68,22.44,51.59,16.47,17.67
46,3833,156.07,80.86,121.38,118.99,11.44,28.09,24.35,20.74,10.06,55.51,57.75,25.23,60.77,49.84,29.6,69.17,45.66,16.84,70.69,38.37,32.26,15.82,24.92,27.26,44.09,28.81,18.99,43.4,37.0,19.26,44.53,27.55,22.53,53.46,14.68,16.88
47,3917,156.32,82.02,123.53,122.38,11.04,29.37,24.65,20.13,10.02,55.34,59.17,25.1,61.24,50.85,29.25,69.48,45.24,18.09,70.35,38.77,33.16,15.23,22.77,21.39,45.26,25.07,20.77,43.21,36.96,18.68,45.66,27.19,22.63,54.63,13.89,19.35
48,4000,157.52,83.55,123.77,123.56,10.9,31.22,24.98,20.05,9.15,54.79,59.66,25.47,60.91,51.84,28.7,69.06,44.85,19.02,69.38,39.02,33.49,14.21,15.69,13.43,48.45,21.22,23.47,43.63,33.65,17.4,46.78,23.03,21.17,54.75,12.96,20.19
49,4083,158.83,87.56,123.85,124.01,10.92,35.13,25.26,19.56,9.26,54.13,60.7,25.64,60.23,53.33,28.87,69.13,44.45,19.54,68.74,39.63,33.52,13.0,11.71,11.37,52.17,18.28,26.66,45.63,30.32,15.4,47.57,20.29,19.12,56.66,11.09,18.67
50,4167,160.03,90.68,123.67,124.2,11.13,39.26,25.09,19.69,8.99,53.6,60.88,25.37,60.17,53.41,29.18,69.25,44.44,18.44,68.58,39.52,32.89,16.11,9.15,20.26,50.96,14.25,29.0,46.76,26.7,12.09,48.58,17.23,13.82,56.66,9.28,14.53
51,4250,161.19,92.08,123.45,124.18,11.3,41.99,25.06,19.88,8.83,53.25,61.2,25.75,60.0,53.36,29.65,69.44,44.19,18.09,68.17,40.39,31.95,19.66,11.22,22.4,50.36,12.01,32.86,47.95,23.0,9.6,50.57,15.83,9.08,58.89,6.98,14.45
52,4333,162.62,94.44,123.53,124.16,11.79,44.91,25.04,19.36,8.77,52.96,61.25,25.47,59.88,53.11,30.07,69.11,44.47,18.25,68.05,40.38,32.53,23.16,13.09,22.21,51.71,12.35,34.43,48.77,23.96,8.0,50.54,18.08,6.65,59.14,6.86,14.71
53,4417,163.88,96.65,123.8,123.57,12.76,48.05,24.96,19.11,8.56,53.16,60.68,24.87,60.15,52.4,29.97,68.67,45.18,17.84,68.27,39.9,32.65,26.51,15.64,26.04,53.69,13.17,35.37,50.91,23.3,7.81,53.85,18.08,4.78,59.49,6.69,15.37
54,4500,164.28,99.15,123.64,122.63,14.82,50.92,24.64,19.32,8.29,53.27,59.95,24.35,60.37,51.33,30.21,68.54,45.24,17.05,68.73,38.7,32.15,28.95,16.08,28.84,56.82,12.76,35.98,52.77,21.38,9.61,55.93,18.02,3.01,59.06,7.36,15.05
55,4583,164.12,102.2,123.57,121.58,15.6,54.15,24.17,19.94,8.64,53.36,59.44,24.1,60.53,50.39,29.63,68.65,44.64,16.7,69.25,38.59,31.08,26.63,14.48,32.97,57.04,13.02,36.31,52.18,19.48,8.73,56.04,17.46,4.08,58.8,6.06,12.75
56,4667,164.08,102.71,125.32,122.21,15.8,54.48,24.2,20.19,8.56,53.2,59.24,24.12,60.36,50.18,29.24,68.7,44.12,16.45,69.63,38.58,30.03,24.63,12.31,33.87,57.14,12.55,36.77,52.74,16.99,8.33,57.24,16.22,4.95,60.28,6.31,10.83
57,4750,163.85,105.27,123.98,121.51,15.8,57.92,23.91,20.17,8.56,53.29,58.88,24.87,60.25,50.3,28.93,68.56,44.08,16.39,70.03,39.02,28.76,23.98,11.89,34.45,57.86,13.86,37.79,53.44,16.8,6.87,58.32,16.52,5.45,61.51,6.63,11.72
58,4833,164.8,105.1,124.95,121.98,15.68,56.68,23.77,20.75,8.5,53.11,59.35,25.25,60.04,50.87,29.02,68.5,44.04,16.72,69.7,39.51,28.52,25.45,13.08,32.56,58.68,11.16,38.06,54.43,16.47,5.25,58.3,17.04,6.37,61.22,5.98,12.97
59,4917,165.13,102.86,124.8,121.79,15.77,54.88,23.35,20.83,8.86,53.31,58.92,25.18,59.86,50.73,28.66,68.26,44.15,16.68,69.96,39.42,27.65,28.59,13.49,29.01,58.17,10.64,36.62,54.76,18.88,4.9,58.98,14.8,5.05,61.59,6.27,9.55
60,5000,165.15,99.68,125.12,122.54,14.17,51.22,23.66,21.38,8.82,53.26,59.12,24.28,59.49,50.69,28.78,68.44,43.31,17.1,69.4,39.38,27.7,26.77,9.78,23.67,60.9,10.5,35.7,56.43,22.04,7.24,59.55,14.9,9.03,62.15,5.68,10.62
61,5083,163.97,97.06,124.14,121.18,12.73,48.18,24.03,21.28,8.78,52.98,59.45,24.0,59.5,50.48,28.89,68.74,42.76,17.31,69.27,39.33,27.98,21.74,5.86,13.59,59.98,12.34,28.45,54.21,24.03,13.28,58.48,15.93,13.78,61.29,7.16,13.26
62,5167,163.21,91.4,124.32,122.68,12.06,42.11,24.45,21.66,8.93,52.55,60.18,23.59,59.5,50.27,29.15,69.11,42.11,17.43,69.07,39.58,28.17,17.61,12.12,17.2,55.23,17.81,23.07,51.47,24.39,20.25,55.61,18.67,17.13,60.82,8.61,10.76
63,5250,161.51,87.86,124.16,122.42,11.1,38.46,24.45,21.66,8.9,52.31,60.73,23.36,59.28,50.39,29.51,69.35,41.68,18.13,69.19,39.31,28.75,15.68,19.18,14.84,49.45,20.68,25.72,47.07,22.1,24.94,50.1,18.4,19.75,57.11,6.44,10.54
64,5333,160.6,85.43,123.53,122.58,11.34,35.03,24.72,21.85,8.55,52.56,61.16,23.79,59.62,50.52,29.18,69.83,41.46,18.23,69.37,39.66,29.27,17.14,24.52,14.85,47.93,21.87,23.31,43.62,25.67,23.18,45.92,20.84,19.33,54.55,7.68,10.67
65,5417,159.12,84.89,123.77,122.75,11.22,32.93,24.17,21.87,8.96,53.21,60.7,24.65,59.66,51.19,28.36,69.77,41.42,19.09,69.92,39.68,30.49,19.71,28.42,14.19,46.76,21.08,16.48,41.95,28.72,23.33,43.94,25.96,15.65,53.52,9.23,10.74
66,5500,158.83,87.83,122.87,119.49,12.46,32.55,23.94,21.72,10.06,53.82,59.6,25.93,59.31,51.83,27.97,69.7,41.68,19.69,70.14,40.81,31.12,21.83,30.74,13.79,46.05,20.14,12.76,41.3,30.7,23.91,43.04,30.05,13.19,53.12,10.56,11.14
67,5583,158.02,92.54,120.79,115.65,13.09,32.4,25.68,20.36,10.27,54.44,59.58,25.64,58.75,53.33,27.06,69.99,41.9,20.62,69.13,43.9,29.32,23.23,32.0,13.6,45.65,19.45,11.41,41.08,31.86,24.42,42.63,32.68,11.95,52.97,11.46,11.55
68,5667,156.03,97.09,116.97,112.16,13.58,30.33,26.53,20.05,9.52,55.06,58.29,25.96,58.4,53.71,25.93,69.42,42.03,21.59,67.98,44.51,28.81,13.91,24.0,10.38,21.93,38.92,23.75,23.92,66.96,50.44,29.6,73.72,35.1,31.21,23.47,77.1
69,5750,147.86,106.14,113.57,108.09,16.33,30.62,27.71,19.96,7.61,55.23,57.56,24.98,59.44,51.85,25.04,69.27,41.77,21.7,67.84,44.35,28.18,10.66,16.44,7.96,25.63,62.59,34.92,28.96,83.55,61.95,38.44,84.69,49.5,29.35,55.96,77.38
70,5833,143.72,121.62,108.54,104.4,19.28,33.21,28.79,19.32,5.48,55.46,57.08,23.76,60.91,49.68,24.76,69.1,42.27,20.67,68.49,42.66,29.46,11.59,13.63,6.68,33.49,74.17,33.63,36.74,87.82,63.82,49.23,83.4,53.87,34.66,67.38,70.45
71,5917,142.38,132.22,103.6,101.13,21.68,37.52,29.94,18.72,5.07,55.65,57.09,22.48,61.16,49.76,24.14,68.89,42.36,21.25,68.66,41.1,32.03,16.61,18.21,7.67,21.52,68.81,32.13,23.39,78.3,63.26,29.94,76.34,50.85,26.13,45.49,68.17
72,6000,143.76,138.28,100.04,99.12,22.45,39.99,31.02,17.89,4.98,55.51,57.62,21.13,60.62,49.98,24.32,67.64,43.47,21.29,68.99,39.36,34.08,23.22,23.26,13.77,27.98,53.19,24.74,29.19,61.04,42.78,36.13,58.26,34.46,38.53,31.09,47.56
73,6083,144.0,143.25,97.14,97.96,22.31,43.51,31.84,17.97,5.23,55.34,58.25,20.52,60.4,49.87,25.46,67.2,44.31,21.21,69.08,38.58,35.66,28.57,26.73,18.9,36.99,43.18,23.62,37.43,50.06,30.47,44.58,45.29,21.89,50.28,24.1,33.68
74,6167,140.68,147.6,98.14,99.82,18.77,46.68,32.16,18.24,5.31,54.96,59.45,19.84,60.34,50.64,25.84,67.53,44.34,21.83,69.27,38.78,37.18,30.25,26.56,19.27,43.34,37.79,22.36,44.42,42.02,23.15,50.29,37.11,15.29,57.32,16.52,25.59
75,6250,139.98,149.69,98.98,100.34,14.06,47.63,31.75,18.63,5.48,54.67,60.47,19.82,60.45,50.46,26.75,67.07,45.29,21.85,69.16,37.91,39.33,30.89,26.47,19.48,46.73,36.66,20.94,49.19,36.61,20.57,53.54,32.29,13.33,61.23,11.13,21.64
76,6333,138.09,150.5,99.77,101.23,9.22,48.1,30.77,18.86,6.24,54.44,61.58,19.85,60.44,50.55,28.04,66.69,46.52,22.07,68.89,37.28,41.31,31.86,26.1,20.42,48.21,35.72,20.9,52.69,32.42,20.62,56.02,28.33,13.1,63.51,8.88,19.46
77,6417,137.6,151.32,100.14,102.02,5.85,48.66,30.36,18.3,7.22,54.76,61.21,20.41,60.48,50.29,29.33,66.18,47.3,22.25,68.78,37.23,41.78,33.07,25.42,19.67,49.67,35.18,19.95,54.63,31.0,20.3,57.91,25.52,14.02,64.11,7.88,20.01
78,6500,137.33,151.79,100.39,101.9,4.39,49.81,30.53,18.09,7.84,55.33,61.1,20.49,60.7,50.31,30.58,66.3,47.73,22.48,68.54,38.05,41.91,35.24,24.29,18.61,50.94,34.13,19.85,55.32,31.87,18.2,58.6,24.21,14.5,63.95,7.68,21.23
79,6583,139.8,152.16,99.76,101.23,4.33,50.64,30.58,17.71,8.24,55.82,60.78,21.03,60.9,50.6,31.14,66.37,47.86,23.1,68.12,39.16,42.09,37.03,23.99,18.2,52.69,33.51,19.3,56.43,32.75,17.35,59.27,22.68,16.4,64.39,7.26,21.43
80,6667,140.48,152.26,99.7,101.39,4.21,50.83,30.44,18.06,8.49,55.84,61.15,21.42,61.09,50.61,31.98,66.2,48.17,23.37,67.58,39.55,42.74,37.98,24.48,17.39,53.85,33.23,18.53,57.15,32.81,17.4,59.44,21.73,18.06,64.46,6.57,21.62
81,6750,140.33,152.56,99.69,101.15,5.19,51.02,30.43,18.53,8.5,55.77,61.79,21.54,61.46,50.65,32.35,65.92,48.82,22.95,67.24,40.45,42.8,37.42,27.44,17.16,53.88,31.89,18.72,56.51,31.34,17.3,57.85,21.06,18.42,63.96,5.11,21.34
82,6833,142.33,152.98,99.89,102.03,7.32,51.12,29.34,19.06,9.06,55.43,62.12,21.99,61.68,50.79,32.56,65.62,49.96,22.23,67.18,40.46,43.76,35.66,28.2,17.71,52.66,30.73,20.32,53.24,30.56,17.12,55.03,18.52,20.87,59.09,5.85,17.84
83,6917,142.64,150.55,99.88,103.67,11.62,47.48,29.19,18.6,9.75,54.65,62.02,23.88,61.17,51.88,33.63,65.35,50.49,22.23,67.45,40.7,44.13,32.3,25.22,12.22,50.75,31.64,16.95,50.56,27.29,22.35,52.14,16.69,25.3,52.73,8.91,17.39
84,7000,141.95,146.55,98.11,102.55,15.46,42.44,31.32,17.35,12.43,53.34,63.28,26.35,60.32,53.96,33.17,66.87,50.15,21.47,66.56,46.03,40.2,29.72,22.82,6.86,49.13,32.91,13.67,48.76,24.43,27.44,50.01,15.95,29.22,47.77,11.87,17.47
85,7083,142.82,139.36,97.95,101.72,17.85,33.91,30.02,21.72,17.88,50.46,67.1,27.61,56.75,59.93,30.84,65.68,52.55,23.52,62.53,52.53,36.33,33.69,23.2,9.7,41.33,34.45,12.91,43.41,22.49,30.26,44.23,19.81,26.68,44.07,13.79,17.89
86,7167,142.17,129.33,98.84,101.38,19.09,21.12,20.25,26.21,13.75,46.76,61.12,27.19,53.25,58.1,28.81,66.22,46.21,24.88,59.56,45.64,35.5,38.86,24.12,14.23,34.42,35.57,13.44,38.76,22.32,32.55,39.36,23.63,23.43,41.7,14.89,19.36
87,7250,141.48,120.3,97.02,101.05,18.78,11.42,12.62,29.44,9.31,44.32,55.07,26.53,50.38,55.85,27.42,65.71,41.45,26.1,57.37,39.96,35.41,28.04,22.98,17.84,37.01,37.45,8.95,40.34,23.93,33.37,41.8,28.81,28.85,44.16,16.92,22.64
88,7333,140.48,118.8,98.47,102.17,19.62,10.61,8.47,31.37,6.35,42.96,50.88,26.03,48.47,54.26,26.57,65.05,38.61,27.02,55.96,36.5,35.46,28.73,15.91,13.49,42.36,44.74,13.38,47.68,30.13,31.95,48.23,34.61,27.13,45.88,26.12,25.95
89,7417,140.03,119.14,101.99,105.06,19.99,11.92,6.56,32.44,4.65,42.24,48.33,25.7,47.34,53.29,26.09,64.55,37.03,27.62,55.14,34.59,35.5,28.13,14.61,11.71,51.47,43.41,21.78,54.12,35.75,30.63,54.35,38.21,26.38,50.32,33.1,25.26
90,7500,138.83,120.29,106.36,110.16,20.22,12.7,5.73,33.01,3.73,41.87,46.89,25.52,46.7,52.75,25.83,64.22,36.2,27.98,54.68,33.58,35.52,29.62,18.66,7.75,47.61,39.09,16.61,48.73,33.12,26.58,50.49,32.83,27.16,47.26,30.38,24.01
91,7583,140.27,122.85,109.47,113.33,19.45,13.34,6.34,32.99,5.29,43.31,47.19,24.9,48.79,46.98,25.58,60.08,40.37,21.53,54.38,29.23,32.86,25.6,21.71,9.73,53.33,34.18,14.26,49.9,31.91,21.93,52.21,26.08,25.52,51.81,23.81,19.0
92,7667,143.93,124.48,110.59,114.55,18.9,13.84,7.14,32.97,7.76,44.69,47.9,24.49,50.96,41.88,25.38,56.33,44.55,15.86,54.39,25.31,30.82,20.27,24.44,11.64,59.41,31.25,13.1,52.19,30.29,20.36,54.65,21.34,23.88,55.27,20.57,16.48
93,7750,145.11,125.66,111.31,114.91,18.31,14.36,7.75,32.98,9.71,45.64,48.48,24.26,52.5,38.48,25.24,53.78,47.5,12.25,54.5,22.61,29.63,17.39,25.69,14.02,64.03,28.39,9.97,53.61,29.35,19.75,56.78,16.21,23.25,57.32,18.04,13.68
94,7833,145.34,126.06,110.03,114.15,18.02,14.5,8.14,32.99,10.97,46.21,48.87,24.15,53.44,36.46,25.15,52.25,49.33,10.22,54.6,20.98,29.0,15.3,25.88,15.66,66.29,25.71,9.29,54.82,28.79,19.76,58.39,13.01,22.46,57.97,17.49,9.21
95,7917,145.75,126.29,109.22,114.06,18.15,14.69,7.65,31.88,8.77,46.81,48.73,25.06,53.47,38.98,22.99,52.41,47.45,11.09,55.17,25.14,26.17,14.71,25.07,16.84,67.99,23.68,10.3,55.65,29.05,18.79,60.12,11.52,21.41,58.99,17.53,6.73
